id,date,point,point_name,temperature,humidity,rain,wind,sun,snow,ground,year,month
0,2015-01-01,184,제주,7.4,66,82.4,3.9,94.2,1.8,6.2,2015,1
1,2015-02-01,184,제주,7.3,64,35.5,3.7,93.5,0.5,7.5,2015,2
2,2015-03-01,184,제주,10.4,64,80.7,2.9,183.8,0.0,12.4,2015,3
3,2015-04-01,184,제주,15.1,71,147.9,2.9,163.4,0.0,17.1,2015,4
4,2015-05-01,184,제주,18.8,68,150.0,2.6,239.7,0.0,23.4,2015,5
5,2015-06-01,184,제주,22.0,80,186.4,2.3,129.7,0.0,24.8,2015,6
6,2015-07-01,184,제주,25.6,81,329.7,3.1,196.1,0.0,29.6,2015,7
7,2015-08-01,184,제주,26.4,78,248.6,2.5,193.6,0.0,30.0,2015,8
8,2015-09-01,184,제주,23.2,73,172.9,2.7,199.2,0.0,25.9,2015,9
9,2015-10-01,184,제주,19.2,64,31.0,3.1,223.0,0.0,21.5,2015,10
10,2015-11-01,184,제주,15.2,76,173.2,3.0,58.5,0.0,14.8,2015,11
11,2015-12-01,184,제주,10.0,66,90.0,3.6,51.9,0.0,8.9,2015,12
12,2016-01-01,184,제주,6.1,66,125.6,4.3,31.4,12.0,5.8,2016,1
13,2016-02-01,184,제주,7.3,60,40.0,4.3,110.4,0.0,7.3,2016,2
14,2016-03-01,184,제주,10.8,63,96.9,3.0,190.4,0.0,13.1,2016,3
15,2016-04-01,184,제주,15.6,74,121.4,2.9,170.8,0.0,17.9,2016,4
16,2016-05-01,184,제주,18.9,71,113.0,2.7,207.9,0.0,21.6,2016,5
17,2016-06-01,184,제주,22.2,83,162.7,2.4,110.1,0.0,24.4,2016,6
18,2016-07-01,184,제주,27.4,80,98.6,2.7,225.2,0.0,30.0,2016,7
19,2016-08-01,184,제주,28.5,74,75.6,3.1,258.1,0.0,32.7,2016,8
20,2016-09-01,184,제주,23.9,80,172.3,2.6,115.0,0.0,25.2,2016,9
21,2016-10-01,184,제주,20.1,76,282.4,2.9,80.1,0.0,20.3,2016,10
22,2016-11-01,184,제주,13.7,69,71.3,3.2,114.3,0.0,13.3,2016,11
23,2016-12-01,184,제주,9.5,67,56.6,3.5,104.7,0.0,9.0,2016,12
24,2017-01-01,184,제주,6.6,66,50.7,3.7,81.8,0.0,6.5,2017,1
25,2017-02-01,184,제주,6.8,61,39.1,3.9,145.9,2.8,6.7,2017,2
26,2017-03-01,184,제주,9.8,60,48.2,3.3,167.8,0.0,11.3,2017,3
27,2017-04-01,184,제주,15.7,64,51.4,3.1,208.8,0.0,17.9,2017,4
28,2017-05-01,184,제주,19.5,64,38.5,2.6,256.4,0.0,24.0,2017,5
29,2017-06-01,184,제주,22.0,77,60.7,2.5,177.6,0.0,26.4,2017,6
30,2017-07-01,184,제주,29.2,76,35.2,2.7,208.8,0.0,32.4,2017,7
31,2017-08-01,184,제주,28.7,74,159.5,2.8,237.3,0.0,31.3,2017,8
32,2017-09-01,184,제주,24.0,71,83.4,2.9,140.9,0.0,26.0,2017,9
33,2017-10-01,184,제주,19.3,72,162.0,3.2,132.9,0.0,19.6,2017,10
34,2017-11-01,184,제주,12.6,64,19.2,3.0,146.0,0.0,12.8,2017,11
35,2017-12-01,184,제주,7.2,61,25.4,3.9,77.1,0.0,6.3,2017,12
36,2018-01-01,184,제주,4.9,67,58.0,3.8,73.8,7.0,5.0,2018,1
37,2018-02-01,184,제주,5.5,60,86.6,3.7,122.2,14.4,5.9,2018,2
38,2018-03-01,184,제주,11.4,72,118.0,3.0,190.9,0.0,13.2,2018,3
39,2018-04-01,184,제주,15.9,68,112.5,2.9,205.6,0.0,19.0,2018,4
40,2018-05-01,184,제주,19.1,76,98.8,2.9,159.9,0.0,22.1,2018,5
41,2018-06-01,184,제주,22.3,79,211.1,2.7,187.0,0.0,26.1,2018,6
42,2018-07-01,184,제주,27.3,81,48.7,2.7,233.7,0.0,31.7,2018,7
43,2018-08-01,184,제주,28.8,78,376.5,3.3,245.7,0.0,32.3,2018,8
44,2018-09-01,184,제주,23.9,75,187.7,2.8,122.8,0.0,25.0,2018,9
45,2018-10-01,184,제주,17.9,64,347.0,3.2,174.8,0.0,18.6,2018,10
46,2018-11-01,184,제주,13.9,65,28.6,2.6,161.4,0.0,13.0,2018,11
47,2018-12-01,184,제주,8.7,68,96.0,3.6,61.9,0.0,8.1,2018,12
48,2019-01-01,184,제주,6.4,64,24.2,3.3,97.5,0.0,6.5,2019,1
49,2019-02-01,184,제주,7.4,63,37.9,3.0,110.9,0.0,7.8,2019,2
50,2019-03-01,184,제주,10.8,63,55.5,3.5,187.6,0.0,13.0,2019,3
51,2019-04-01,184,제주,14.7,68,46.4,3.0,196.1,0.0,18.1,2019,4
52,2019-05-01,184,제주,20.0,56,42.8,3.0,262.3,0.0,23.8,2019,5
53,2019-06-01,184,제주,21.5,80,145.8,2.6,194.3,0.0,25.1,2019,6
54,2019-07-01,184,제주,25.2,85,510.1,2.6,175.1,0.0,27.3,2019,7
55,2019-08-01,184,제주,27.7,77,242.3,2.8,176.5,0.0,30.1,2019,8
56,2019-09-01,184,제주,24.0,84,610.6,2.9,120.9,0.0,25.2,2019,9
57,2019-10-01,184,제주,19.7,69,188.6,2.9,160.7,0.0,20.2,2019,10
58,2019-11-01,184,제주,14.6,65,27.5,3.0,146.9,0.0,14.7,2019,11
59,2019-12-01,184,제주,9.7,64,48.2,3.3,81.1,0.0,8.8,2019,12
60,2020-01-01,184,제주,8.9,66,116.7,3.5,47.5,0.0,8.1,2020,1
61,2020-02-01,184,제주,9.1,66,29.8,3.3,115.7,0.0,8.9,2020,2
62,2020-03-01,184,제주,11.5,63,81.6,3.2,196.3,0.0,12.7,2020,3
63,2020-04-01,184,제주,13.2,56,82.3,3.3,261.7,0.0,15.9,2020,4
64,2020-05-01,184,제주,18.8,74,20.6,2.9,210.0,0.0,21.5,2020,5
65,2020-06-01,184,제주,22.4,83,221.5,2.7,164.4,0.0,24.4,2020,6
66,2020-07-01,184,제주,24.2,85,184.7,2.9,114.4,0.0,25.3,2020,7
67,2020-08-01,184,제주,29.4,74,140.4,2.9,239.5,0.0,30.4,2020,8
68,2020-09-01,184,제주,22.9,76,400.5,3.0,134.3,0.0,23.8,2020,9
69,2020-10-01,184,제주,18.4,61,53.7,2.9,180.0,0.0,19.5,2020,10
70,2020-11-01,184,제주,14.1,65,28.2,2.9,130.3,0.0,13.0,2020,11
71,2020-12-01,184,제주,7.7,61,29.5,3.4,96.2,2.1,7.1,2020,12
72,2021-01-01,184,제주,6.8,65,116.6,3.9,96.5,9.2,5.5,2021,1
73,2021-02-01,184,제주,9.4,62,52.8,3.9,141.2,1.8,9.0,2021,2
74,2021-03-01,184,제주,12.5,68,81.1,3.1,177.0,0.0,13.7,2021,3
75,2021-04-01,184,제주,15.4,63,58.8,3.2,216.7,0.0,18.5,2021,4
76,2021-05-01,184,제주,19.0,68,100.7,3.0,231.5,0.0,21.9,2021,5
77,2021-06-01,184,제주,23.4,75,122.4,2.4,200.1,0.0,27.5,2021,6
78,2021-07-01,184,제주,27.8,78,247.1,3.1,171.5,0.0,30.2,2021,7
79,2021-08-01,184,제주,27.3,79,227.8,2.5,170.5,0.0,29.0,2021,8
80,2021-09-01,184,제주,24.9,84,493.1,3.4,129.3,0.0,26.3,2021,9
81,2021-10-01,184,제주,20.1,73,32.1,2.9,193.9,0.0,21.3,2021,10
82,2021-11-01,184,제주,14.0,66,63.8,3.7,151.2,0.0,13.2,2021,11
83,2021-12-01,184,제주,8.9,67,31.4,4.2,85.9,4.4,7.8,2021,12
84,2022-01-01,184,제주,6.2,68,33.6,3.5,80.8,0.4,5.9,2022,1
85,2022-02-01,184,제주,5.6,62,25.1,4.1,92.3,0.3,6.1,2022,2
86,2022-03-01,184,제주,11.4,70,96.1,3.2,163.8,0.0,12.4,2022,3
87,2022-04-01,184,제주,15.5,70,84.0,2.8,236.6,0.0,19.1,2022,4
88,2022-05-01,184,제주,19.4,65,9.1,2.9,253.2,0.0,24.4,2022,5
89,2022-06-01,184,제주,23.9,81,143.6,3.3,212.9,0.0,28.3,2022,6
90,2022-07-01,184,제주,28.4,80,149.0,3.1,230.6,0.0,32.5,2022,7
91,2022-08-01,184,제주,29.2,75,124.3,3.1,232.4,0.0,33.8,2022,8
92,2022-09-01,184,제주,24.1,79,265.8,3.4,119.3,0.0,26.1,2022,9
93,2022-10-01,184,제주,18.4,69,22.1,3.5,187.0,0.0,20.6,2022,10
94,2022-11-01,184,제주,15.2,71,87.8,3.1,154.6,0.0,15.9,2022,11
95,2022-12-01,184,제주,6.9,66,35.3,4.5,48.7,2.7,7.0,2022,12
96,2023-01-01,184,제주,6.8,68,42.1,4.0,86.7,3.7,6.8,2023,1
97,2023-02-01,184,제주,7.7,71,89.6,3.1,117.2,0.0,8.5,2023,2
98,2023-03-01,184,제주,12.3,66,49.6,2.7,211.1,0.0,14.3,2023,3
99,2023-04-01,184,제주,15.5,69,62.1,3.6,204.1,0.0,19.3,2023,4
100,2023-05-01,184,제주,19.1,77,269.3,2.7,180.3,0.0,23.3,2023,5
101,2023-06-01,184,제주,23.4,76,213.0,3.1,170.2,0.0,28.2,2023,6
102,2023-07-01,184,제주,28.1,75,273.2,3.0,124.6,0.0,30.4,2023,7
103,2023-08-01,184,제주,28.8,73,182.5,3.1,242.9,0.0,33.5,2023,8
104,2023-09-01,184,제주,25.5,71,84.5,2.8,182.6,0.0,29.4,2023,9
105,2023-10-01,184,제주,19.4,60,36.0,3.0,228.5,0.0,21.4,2023,10
106,2023-11-01,184,제주,13.7,60,69.1,3.9,117.1,0.0,13.1,2023,11
107,2023-12-01,184,제주,9.4,66,73.9,4.0,70.8,12.2,8.4,2023,12
108,2015-01-01,185,고산,6.9,70,58.9,9.6,139.9,0.5,6.4,2015,1
109,2015-02-01,185,고산,6.5,69,62.5,8.9,118.3,0.0,7.1,2015,2
110,2015-03-01,185,고산,9.4,70,91.3,6.7,200.3,0.0,12.0,2015,3
111,2015-04-01,185,고산,13.3,82,163.1,5.7,178.7,0.0,16.3,2015,4
112,2015-05-01,185,고산,16.7,80,232.0,5.3,236.9,0.0,22.3,2015,5
113,2015-06-01,185,고산,20.0,90,225.0,4.2,153.9,0.0,24.6,2015,6
114,2015-07-01,185,고산,23.8,92,167.2,4.8,188.4,0.0,28.9,2015,7
115,2015-08-01,185,고산,25.6,86,84.0,4.4,213.7,0.0,30.4,2015,8
116,2015-09-01,185,고산,22.3,77,222.8,4.6,202.8,0.0,25.2,2015,9
117,2015-10-01,185,고산,18.6,69,21.8,6.0,257.4,0.0,21.8,2015,10
118,2015-11-01,185,고산,14.6,78,123.5,6.4,83.5,0.0,14.3,2015,11
119,2015-12-01,185,고산,9.5,69,94.3,8.1,101.5,0.0,8.6,2015,12
120,2016-01-01,185,고산,5.6,70,70.1,9.3,65.3,0.0,5.3,2016,1
121,2016-02-01,185,고산,6.7,66,76.7,9.7,142.1,0.0,7.3,2016,2
122,2016-03-01,185,고산,9.7,72,89.0,6.0,207.2,0.0,11.5,2016,3
123,2016-04-01,185,고산,14.2,84,147.3,5.6,165.6,0.0,17.1,2016,4
124,2016-05-01,185,고산,17.5,82,143.2,5.3,193.0,0.0,21.6,2016,5
125,2016-06-01,185,고산,21.1,91,193.7,4.5,121.2,0.0,25.5,2016,6
126,2016-07-01,185,고산,26.1,89,117.2,5.1,218.9,0.0,29.7,2016,7
127,2016-08-01,185,고산,27.7,79,76.4,4.4,296.7,0.0,33.8,2016,8
128,2016-09-01,185,고산,23.4,86,128.9,4.2,140.0,0.0,26.0,2016,9
129,2016-10-01,185,고산,19.7,80,122.2,5.7,111.6,0.0,20.0,2016,10
130,2016-11-01,185,고산,13.4,73,50.7,7.0,134.1,0.0,12.8,2016,11
131,2016-12-01,185,고산,9.4,71,77.7,8.7,115.6,0.0,8.4,2016,12
132,2017-01-01,185,고산,6.5,69,19.6,8.9,133.3,0.0,5.9,2017,1
133,2017-02-01,185,고산,6.4,67,39.6,10.0,177.0,0.0,6.9,2017,2
134,2017-03-01,185,고산,9.4,65,34.2,7.2,193.9,0.0,11.5,2017,3
135,2017-04-01,185,고산,14.1,79,85.1,5.9,195.2,0.0,15.9,2017,4
136,2017-05-01,185,고산,17.8,81,31.1,4.8,243.2,0.0,21.8,2017,5
137,2017-06-01,185,고산,20.8,88,114.8,3.9,180.1,0.0,25.7,2017,6
138,2017-07-01,185,고산,27.4,95,23.1,4.6,203.5,0.0,32.7,2017,7
139,2017-08-01,185,고산,27.6,84,279.7,5.3,271.4,0.0,32.4,2017,8
140,2017-09-01,185,고산,23.3,79,58.3,5.3,154.2,0.0,25.5,2017,9
141,2017-10-01,185,고산,18.7,80,152.4,6.2,178.0,0.0,19.7,2017,10
142,2017-11-01,185,고산,12.7,72,6.7,6.9,178.8,0.0,14.7,2017,11
143,2017-12-01,185,고산,7.2,67,16.7,9.1,121.6,0.0,6.4,2017,12
144,2018-01-01,185,고산,4.9,73,47.7,9.2,111.6,0.0,4.8,2018,1
145,2018-02-01,185,고산,5.5,66,75.0,8.6,137.9,0.0,6.3,2018,2
146,2018-03-01,185,고산,11.0,84,101.2,6.0,193.3,0.0,13.1,2018,3
147,2018-04-01,185,고산,15.1,83,175.6,6.5,203.7,0.0,18.5,2018,4
148,2018-05-01,185,고산,17.9,87,256.7,,144.8,0.0,20.4,2018,5
149,2018-06-01,185,고산,21.3,89,186.7,4.1,208.8,0.0,25.2,2018,6
150,2018-07-01,185,고산,26.5,89,20.8,4.9,272.9,0.0,32.0,2018,7
151,2018-08-01,185,고산,27.7,86,127.2,6.0,297.6,0.0,31.5,2018,8
152,2018-09-01,185,고산,23.4,82,136.6,5.1,166.3,0.0,24.5,2018,9
153,2018-10-01,185,고산,17.6,71,121.2,6.7,220.6,0.0,18.3,2018,10
154,2018-11-01,185,고산,14.0,72,42.1,5.4,190.4,0.0,13.3,2018,11
155,2018-12-01,185,고산,8.7,72,55.0,7.9,89.7,0.0,7.6,2018,12
156,2019-01-01,185,고산,6.4,69,17.4,8.1,153.1,0.0,6.5,2019,1
157,2019-02-01,185,고산,7.1,70,34.1,6.7,127.9,0.0,6.9,2019,2
158,2019-03-01,185,고산,10.2,72,46.0,6.1,206.6,0.0,11.4,2019,3
159,2019-04-01,185,고산,13.8,77,27.9,4.0,202.9,0.0,17.5,2019,4
160,2019-05-01,185,고산,18.0,77,122.6,3.6,267.2,0.0,22.1,2019,5
161,2019-06-01,185,고산,20.5,90,172.9,2.3,207.0,0.0,24.7,2019,6
162,2019-07-01,185,고산,23.9,95,191.3,2.5,139.9,0.0,26.5,2019,7
163,2019-08-01,185,고산,26.8,87,321.5,4.9,225.3,0.0,29.7,2019,8
164,2019-09-01,185,고산,23.6,88,400.1,5.3,180.2,0.0,24.9,2019,9
165,2019-10-01,185,고산,19.4,74,127.2,6.5,221.7,0.0,20.1,2019,10
166,2019-11-01,185,고산,14.6,71,16.1,7.0,192.4,0.0,14.8,2019,11
167,2019-12-01,185,고산,9.8,70,83.8,7.8,111.8,0.0,9.0,2019,12
168,2020-01-01,185,고산,8.5,73,76.1,8.1,84.7,0.0,7.8,2020,1
169,2020-02-01,185,고산,8.9,75,41.6,7.8,163.7,0.0,9.4,2020,2
170,2020-03-01,185,고산,10.7,73,61.2,7.5,215.5,0.0,12.6,2020,3
171,2020-04-01,185,고산,12.3,68,32.5,7.5,273.8,0.0,15.4,2020,4
172,2020-05-01,185,고산,17.4,87,90.3,5.3,197.0,0.0,21.4,2020,5
173,2020-06-01,185,고산,21.5,92,290.5,4.7,158.3,0.0,25.6,2020,6
174,2020-07-01,185,고산,23.1,94,247.8,5.2,130.6,0.0,26.1,2020,7
175,2020-08-01,185,고산,27.7,92,181.2,5.9,242.2,0.0,31.4,2020,8
176,2020-09-01,185,고산,22.5,85,132.8,5.0,180.3,0.0,23.8,2020,9
177,2020-10-01,185,고산,18.0,69,34.7,6.3,236.3,0.0,19.9,2020,10
178,2020-11-01,185,고산,14.1,74,19.4,7.1,166.2,0.0,14.7,2020,11
179,2020-12-01,185,고산,7.8,69,20.8,8.0,141.2,0.0,7.8,2020,12
180,2021-01-01,185,고산,6.9,72,72.0,9.8,135.4,0.0,5.8,2021,1
181,2021-02-01,185,고산,9.0,74,41.9,8.6,167.3,0.0,9.1,2021,2
182,2021-03-01,185,고산,12.0,79,111.8,6.7,204.6,0.0,13.4,2021,3
183,2021-04-01,185,고산,14.9,74,101.2,6.4,232.8,0.0,18.6,2021,4
184,2021-05-01,185,고산,17.9,87,132.2,6.1,240.5,0.0,21.8,2021,5
185,2021-06-01,185,고산,22.5,94,174.5,4.5,229.9,0.0,26.6,2021,6
186,2021-07-01,185,고산,26.6,91,122.7,5.2,175.2,0.0,28.7,2021,7
187,2021-08-01,185,고산,26.5,93,196.7,4.7,200.1,0.0,28.5,2021,8
188,2021-09-01,185,고산,24.2,89,348.0,5.0,171.5,0.0,25.4,2021,9
189,2021-10-01,185,고산,19.9,75,19.8,5.7,235.6,0.0,20.8,2021,10
190,2021-11-01,185,고산,14.1,69,48.8,8.4,190.8,0.0,13.6,2021,11
191,2021-12-01,185,고산,9.2,67,18.3,9.6,151.6,0.0,8.3,2021,12
192,2022-01-01,185,고산,6.1,70,31.6,8.1,149.2,0.0,5.7,2022,1
193,2022-02-01,185,고산,5.2,63,4.6,9.0,155.5,0.0,5.7,2022,2
194,2022-03-01,185,고산,10.8,79,100.6,6.8,172.8,0.0,11.9,2022,3
195,2022-04-01,185,고산,14.8,79,77.7,5.2,242.8,0.0,17.5,2022,4
196,2022-05-01,185,고산,18.1,79,7.1,4.8,271.9,0.0,23.1,2022,5
197,2022-06-01,185,고산,22.1,95,172.8,5.3,173.3,0.0,26.2,2022,6
198,2022-07-01,185,고산,27.0,93,258.4,5.2,256.8,0.0,31.2,2022,7
199,2022-08-01,185,고산,27.7,90,143.2,5.6,246.1,0.0,31.2,2022,8
200,2022-09-01,185,고산,23.8,80,361.9,5.8,179.5,0.0,25.4,2022,9
201,2022-10-01,185,고산,18.0,68,8.4,7.1,237.6,0.0,20.2,2022,10
202,2022-11-01,185,고산,15.5,68,68.4,6.2,202.4,0.0,16.2,2022,11
203,2022-12-01,185,고산,7.3,64,22.9,9.9,100.2,0.0,7.0,2022,12
204,2023-01-01,185,고산,6.8,67,56.1,8.2,109.9,0.0,7.0,2023,1
205,2023-02-01,185,고산,7.4,69,55.4,7.0,122.4,0.0,8.0,2023,2
206,2023-03-01,185,고산,11.6,70,42.7,5.9,199.3,0.0,13.1,2023,3
207,2023-04-01,185,고산,14.6,72,102.7,6.9,192.0,0.0,17.1,2023,4
208,2023-05-01,185,고산,17.7,84,298.9,5.4,153.4,0.0,20.6,2023,5
209,2023-06-01,185,고산,21.2,88,272.3,4.7,143.6,0.0,24.3,2023,6
210,2023-07-01,185,고산,25.7,93,170.8,5.6,86.5,0.0,27.7,2023,7
211,2023-08-01,185,고산,27.3,81,203.6,5.1,273.3,0.0,32.2,2023,8
212,2023-09-01,185,고산,24.9,79,76.1,4.4,203.4,0.0,,2023,9
213,2023-10-01,185,고산,19.0,65,2.8,5.5,234.4,0.0,21.5,2023,10
214,2023-11-01,185,고산,13.7,69,44.6,9.0,136.3,0.0,14.0,2023,11
215,2023-12-01,185,고산,9.6,73,74.0,8.9,79.2,0.0,9.0,2023,12
216,2015-01-01,188,성산,6.3,69,108.6,3.4,165.8,5.7,5.9,2015,1
217,2015-02-01,188,성산,6.4,64,97.3,3.4,146.8,0.0,6.6,2015,2
218,2015-03-01,188,성산,9.4,65,189.9,2.9,210.3,0.0,11.2,2015,3
219,2015-04-01,188,성산,13.9,78,290.7,2.9,161.6,0.0,16.0,2015,4
220,2015-05-01,188,성산,18.0,72,280.9,2.6,255.4,0.0,21.5,2015,5
221,2015-06-01,188,성산,20.6,87,221.2,2.2,128.3,0.0,23.5,2015,6
222,2015-07-01,188,성산,23.9,89,381.5,3.2,157.4,0.0,25.8,2015,7
223,2015-08-01,188,성산,25.9,83,232.2,2.7,202.7,0.0,27.9,2015,8
224,2015-09-01,188,성산,22.5,78,279.7,3.2,209.2,0.0,23.6,2015,9
225,2015-10-01,188,성산,18.2,71,54.8,2.8,248.8,0.0,20.6,2015,10
226,2015-11-01,188,성산,14.6,81,292.7,2.9,89.3,0.0,14.7,2015,11
227,2015-12-01,188,성산,9.2,71,112.7,3.0,130.0,0.0,8.5,2015,12
228,2016-01-01,188,성산,5.0,71,167.8,3.1,99.3,0.0,5.0,2016,1
229,2016-02-01,188,성산,6.4,64,103.1,3.6,173.1,0.0,6.2,2016,2
230,2016-03-01,188,성산,10.1,69,206.7,3.1,207.7,0.0,11.1,2016,3
231,2016-04-01,188,성산,15.2,78,294.4,2.8,168.8,0.0,16.3,2016,4
232,2016-05-01,188,성산,18.2,77,197.8,2.8,197.7,0.0,19.6,2016,5
233,2016-06-01,188,성산,21.5,89,241.3,2.3,107.2,0.0,22.9,2016,6
234,2016-07-01,188,성산,26.1,89,170.2,2.8,160.9,0.0,27.9,2016,7
235,2016-08-01,188,성산,27.9,77,81.4,2.7,281.8,0.0,32.1,2016,8
236,2016-09-01,188,성산,23.4,84,276.1,2.8,111.5,0.0,24.5,2016,9
237,2016-10-01,188,성산,19.8,79,280.2,3.3,95.7,0.0,19.2,2016,10
238,2016-11-01,188,성산,13.1,71,92.9,3.1,154.4,0.0,12.5,2016,11
239,2016-12-01,188,성산,9.0,69,144.0,3.3,157.6,0.0,8.6,2016,12
240,2017-01-01,188,성산,6.0,66,55.6,3.5,163.4,0.0,5.8,2017,1
241,2017-02-01,188,성산,6.0,63,86.9,3.8,177.6,0.0,5.5,2017,2
242,2017-03-01,188,성산,9.1,62,60.4,3.3,201.7,0.0,11.2,2017,3
243,2017-04-01,188,성산,15.1,68,106.7,3.4,208.7,0.0,16.1,2017,4
244,2017-05-01,188,성산,18.5,70,66.4,2.6,247.6,0.0,20.7,2017,5
245,2017-06-01,188,성산,21.7,76,141.2,2.6,180.5,0.0,24.0,2017,6
246,2017-07-01,188,성산,27.5,87,427.5,3.0,180.9,0.0,28.6,2017,7
247,2017-08-01,188,성산,27.5,79,437.3,2.8,233.1,0.0,28.5,2017,8
248,2017-09-01,188,성산,23.5,73,98.3,3.2,159.8,0.0,24.4,2017,9
249,2017-10-01,188,성산,18.9,74,389.1,3.6,160.2,0.0,19.0,2017,10
250,2017-11-01,188,성산,11.7,66,16.5,2.7,182.9,0.0,12.7,2017,11
251,2017-12-01,188,성산,5.8,63,31.8,2.7,159.1,0.0,4.9,2017,12
252,2018-01-01,188,성산,4.0,68,102.4,3.0,133.9,0.0,3.3,2018,1
253,2018-02-01,188,성산,4.7,62,125.7,3.2,140.6,0.0,4.4,2018,2
254,2018-03-01,188,성산,10.6,77,179.5,3.4,189.8,0.0,11.4,2018,3
255,2018-04-01,188,성산,15.0,74,234.1,3.5,211.5,0.0,17.2,2018,4
256,2018-05-01,188,성산,17.9,80,151.8,3.4,137.2,0.0,19.3,2018,5
257,2018-06-01,188,성산,21.3,82,377.2,2.7,156.0,0.0,23.2,2018,6
258,2018-07-01,188,성산,26.2,83,41.8,2.9,245.5,0.0,31.1,2018,7
259,2018-08-01,188,성산,27.6,82,125.0,3.8,254.7,0.0,31.6,2018,8
260,2018-09-01,188,성산,23.1,77,521.8,3.2,144.4,0.0,23.2,2018,9
261,2018-10-01,188,성산,16.6,68,184.2,3.1,219.7,0.0,16.2,2018,10
262,2018-11-01,188,성산,13.0,68,45.9,2.5,184.5,0.0,12.2,2018,11
263,2018-12-01,188,성산,7.9,67,57.3,2.9,121.6,0.0,6.5,2018,12
264,2019-01-01,188,성산,5.8,63,16.2,3.2,160.7,0.0,4.6,2019,1
265,2019-02-01,188,성산,7.0,62,77.4,3.4,139.6,0.0,6.0,2019,2
266,2019-03-01,188,성산,10.2,62,133.5,3.5,198.7,0.0,10.5,2019,3
267,2019-04-01,188,성산,13.9,69,132.5,2.8,193.3,0.0,16.5,2019,4
268,2019-05-01,188,성산,18.7,62,247.3,3.0,268.7,0.0,21.7,2019,5
269,2019-06-01,188,성산,20.9,80,170.2,2.6,196.8,0.0,23.9,2019,6
270,2019-07-01,188,성산,24.1,87,516.5,3.5,134.1,0.0,25.9,2019,7
271,2019-08-01,188,성산,26.7,81,377.4,2.7,212.3,0.0,30.9,2019,8
272,2019-09-01,188,성산,23.9,82,613.3,3.6,144.9,0.0,24.6,2019,9
273,2019-10-01,188,성산,19.1,70,233.9,3.5,217.0,0.0,18.1,2019,10
274,2019-11-01,188,성산,13.9,67,36.2,3.0,176.9,0.0,13.1,2019,11
275,2019-12-01,188,성산,8.8,66,103.7,2.9,144.6,0.0,7.8,2019,12
276,2020-01-01,188,성산,8.1,67,94.4,2.8,118.6,0.0,7.1,2020,1
277,2020-02-01,188,성산,8.4,68,98.7,2.8,159.7,0.0,8.0,2020,2
278,2020-03-01,188,성산,10.8,64,110.7,3.0,222.6,0.0,11.7,2020,3
279,2020-04-01,188,성산,12.6,55,87.0,3.1,279.3,0.0,14.3,2020,4
280,2020-05-01,188,성산,18.2,77,246.4,2.4,203.2,0.0,20.7,2020,5
281,2020-06-01,188,성산,21.8,85,326.6,2.1,163.2,0.0,24.0,2020,6
282,2020-07-01,188,성산,23.5,87,378.1,2.4,129.2,0.0,25.0,2020,7
283,2020-08-01,188,성산,27.9,83,204.7,3.3,217.9,0.0,29.4,2020,8
284,2020-09-01,188,성산,22.4,76,469.3,2.8,160.0,0.0,22.6,2020,9
285,2020-10-01,188,성산,17.7,62,34.4,2.7,226.4,0.0,18.5,2020,10
286,2020-11-01,188,성산,13.5,63,14.9,2.7,159.8,0.0,12.8,2020,11
287,2020-12-01,188,성산,6.7,60,51.0,2.4,168.3,0.0,6.2,2020,12
288,2021-01-01,188,성산,5.9,65,93.7,2.8,149.2,0.0,4.8,2021,1
289,2021-02-01,188,성산,8.7,59,72.7,3.2,158.8,0.0,7.8,2021,2
290,2021-03-01,188,성산,12.3,59,214.1,2.9,186.4,0.0,12.7,2021,3
291,2021-04-01,188,성산,15.1,58,94.7,3.1,241.4,0.0,19.2,2021,4
292,2021-05-01,188,성산,18.4,74,154.1,2.8,231.4,0.0,21.4,2021,5
293,2021-06-01,188,성산,22.3,90,190.6,2.2,174.9,0.0,25.5,2021,6
294,2021-07-01,188,성산,26.7,94,218.4,2.9,170.6,0.0,28.4,2021,7
295,2021-08-01,188,성산,26.5,91,417.8,2.6,195.5,0.0,27.7,2021,8
296,2021-09-01,188,성산,24.5,78,431.7,3.1,147.6,0.0,24.9,2021,9
297,2021-10-01,188,성산,19.6,68,101.2,2.5,233.5,0.0,19.8,2021,10
298,2021-11-01,188,성산,12.9,64,67.0,2.8,194.2,0.0,11.8,2021,11
299,2021-12-01,188,성산,7.8,64,30.3,2.9,161.1,0.0,6.5,2021,12
300,2022-01-01,188,성산,5.5,65,28.2,3.0,148.7,0.0,4.5,2022,1
301,2022-02-01,188,성산,4.7,60,34.7,3.0,129.9,0.0,4.8,2022,2
302,2022-03-01,188,성산,11.1,68,161.0,3.4,168.4,0.0,12.2,2022,3
303,2022-04-01,188,성산,15.2,68,111.3,2.9,217.3,0.0,18.2,2022,4
304,2022-05-01,188,성산,18.5,66,20.2,2.6,234.1,0.0,22.8,2022,5
305,2022-06-01,188,성산,22.1,88,203.8,3.4,112.8,0.0,24.8,2022,6
306,2022-07-01,188,성산,26.8,85,225.9,2.9,162.7,0.0,29.0,2022,7
307,2022-08-01,188,성산,27.8,81,233.8,3.4,202.5,0.0,30.2,2022,8
308,2022-09-01,188,성산,23.7,79,271.3,3.9,119.2,0.0,24.7,2022,9
309,2022-10-01,188,성산,17.9,69,36.2,3.4,179.6,0.0,18.5,2022,10
310,2022-11-01,188,성산,14.8,71,173.8,3.1,173.7,0.0,14.4,2022,11
311,2022-12-01,188,성산,5.6,69,54.8,3.0,107.0,0.0,5.1,2022,12
312,2023-01-01,188,성산,5.8,69,69.4,3.1,142.2,0.0,5.2,2023,1
313,2023-02-01,188,성산,7.3,69,108.1,3.1,148.3,0.0,7.2,2023,2
314,2023-03-01,188,성산,12.2,67,62.1,3.1,202.7,0.0,12.5,2023,3
315,2023-04-01,188,성산,15.0,71,183.1,4.0,210.5,0.0,16.7,2023,4
316,2023-05-01,188,성산,18.2,81,489.8,3.1,163.6,0.0,20.2,2023,5
317,2023-06-01,188,성산,22.3,83,265.5,2.7,146.1,0.0,24.4,2023,6
318,2023-07-01,188,성산,26.5,91,344.2,3.1,98.6,0.0,27.8,2023,7
319,2023-08-01,188,성산,27.7,84,179.7,3.0,225.3,0.0,30.0,2023,8
320,2023-09-01,188,성산,25.4,80,219.4,2.6,182.4,0.0,27.6,2023,9
321,2023-10-01,188,성산,18.4,68,40.5,2.4,214.1,0.0,19.8,2023,10
322,2023-11-01,188,성산,13.0,70,64.1,2.9,157.6,0.0,11.8,2023,11
323,2023-12-01,188,성산,8.7,76,73.2,2.9,81.3,0.0,7.5,2023,12
324,2015-01-01,189,서귀포,8.4,63,80.6,2.3,197.4,0.7,6.8,2015,1
325,2015-02-01,189,서귀포,8.1,64,180.7,2.1,165.8,0.0,7.7,2015,2
326,2015-03-01,189,서귀포,11.1,62,183.5,2.0,214.0,0.0,12.0,2015,3
327,2015-04-01,189,서귀포,15.0,75,248.1,2.3,164.1,0.0,17.2,2015,4
328,2015-05-01,189,서귀포,19.0,70,426.5,1.8,252.7,0.0,23.9,2015,5
329,2015-06-01,189,서귀포,21.2,85,271.5,1.9,142.9,0.0,24.6,2015,6
330,2015-07-01,189,서귀포,24.2,89,396.8,2.3,169.0,0.0,27.5,2015,7
331,2015-08-01,189,서귀포,26.2,81,157.3,2.0,217.8,0.0,30.7,2015,8
332,2015-09-01,189,서귀포,22.8,74,295.1,2.6,209.9,0.0,25.2,2015,9
333,2015-10-01,189,서귀포,18.9,62,61.0,2.1,250.6,0.0,21.5,2015,10
334,2015-11-01,189,서귀포,15.4,77,215.5,1.9,112.7,0.0,15.5,2015,11
335,2015-12-01,189,서귀포,10.1,69,101.5,1.7,136.7,0.0,9.2,2015,12
336,2016-01-01,189,서귀포,6.2,66,74.9,1.6,115.2,0.0,6.2,2016,1
337,2016-02-01,189,서귀포,7.4,63,143.4,1.8,173.8,0.0,8.0,2016,2
338,2016-03-01,189,서귀포,11.1,67,138.1,1.7,205.5,0.0,12.6,2016,3
339,2016-04-01,189,서귀포,15.8,76,232.2,1.8,180.6,0.0,18.1,2016,4
340,2016-05-01,189,서귀포,18.9,75,216.6,1.5,189.1,0.0,22.5,2016,5
341,2016-06-01,189,서귀포,21.7,88,281.2,1.6,110.9,0.0,25.3,2016,6
342,2016-07-01,189,서귀포,25.8,92,203.2,1.6,176.7,0.0,30.4,2016,7
343,2016-08-01,189,서귀포,27.7,77,170.9,1.7,282.7,0.0,33.8,2016,8
344,2016-09-01,189,서귀포,23.7,83,194.3,1.8,126.0,0.0,25.1,2016,9
345,2016-10-01,189,서귀포,20.4,81,433.6,2.1,97.9,0.0,21.0,2016,10
346,2016-11-01,189,서귀포,14.6,72,44.6,1.6,155.1,0.0,14.4,2016,11
347,2016-12-01,189,서귀포,10.4,68,71.5,1.7,162.5,0.0,9.5,2016,12
348,2017-01-01,189,서귀포,7.5,67,49.0,1.8,184.2,0.0,7.6,2017,1
349,2017-02-01,189,서귀포,7.9,59,81.8,1.9,194.6,0.0,8.2,2017,2
350,2017-03-01,189,서귀포,10.3,59,36.3,1.8,214.2,0.0,11.8,2017,3
351,2017-04-01,189,서귀포,15.7,71,222.5,1.7,181.0,0.0,17.6,2017,4
352,2017-05-01,189,서귀포,19.2,74,59.2,1.5,244.7,0.0,22.9,2017,5
353,2017-06-01,189,서귀포,22.1,80,247.4,1.5,177.0,0.0,25.6,2017,6
354,2017-07-01,189,서귀포,27.5,95,51.8,1.8,183.4,0.0,32.0,2017,7
355,2017-08-01,189,서귀포,28.2,84,231.8,1.8,244.6,0.0,33.0,2017,8
356,2017-09-01,189,서귀포,24.2,76,102.8,2.1,155.2,0.0,26.1,2017,9
357,2017-10-01,189,서귀포,19.8,76,231.4,2.3,173.6,0.0,20.2,2017,10
358,2017-11-01,189,서귀포,13.8,66,6.7,1.4,187.3,0.0,14.4,2017,11
359,2017-12-01,189,서귀포,7.3,61,13.3,1.6,184.0,0.0,6.5,2017,12
360,2018-01-01,189,서귀포,5.9,69,63.7,1.6,163.4,0.0,5.9,2018,1
361,2018-02-01,189,서귀포,6.3,64,10.5,1.8,148.1,0.0,7.0,2018,2
362,2018-03-01,189,서귀포,11.8,79,151.6,2.1,192.7,0.0,12.8,2018,3
363,2018-04-01,189,서귀포,15.8,77,312.0,1.6,189.3,0.0,18.3,2018,4
364,2018-05-01,189,서귀포,18.7,84,356.1,2.0,146.2,0.0,20.9,2018,5
365,2018-06-01,189,서귀포,22.0,89,304.3,1.7,74.4,0.0,24.8,2018,6
366,2018-07-01,189,서귀포,26.7,93,23.2,1.8,225.9,0.0,31.3,2018,7
367,2018-08-01,189,서귀포,27.8,92,159.6,2.2,228.4,0.0,32.0,2018,8
368,2018-09-01,189,서귀포,23.5,85,473.8,2.0,150.5,0.0,26.0,2018,9
369,2018-10-01,189,서귀포,17.8,69,210.2,1.8,224.3,0.0,19.8,2018,10
370,2018-11-01,189,서귀포,14.5,71,55.6,1.6,165.3,0.0,14.1,2018,11
371,2018-12-01,189,서귀포,9.8,72,45.6,1.5,114.4,0.0,9.4,2018,12
372,2019-01-01,189,서귀포,7.8,66,21.7,1.4,175.6,0.0,7.7,2019,1
373,2019-02-01,189,서귀포,9.3,67,37.7,1.6,144.7,0.0,10.8,2019,2
374,2019-03-01,189,서귀포,11.6,63,64.8,1.9,213.0,0.0,15.0,2019,3
375,2019-04-01,189,서귀포,15.0,76,89.2,1.7,200.6,0.0,19.2,2019,4
376,2019-05-01,189,서귀포,19.9,66,376.7,1.6,257.3,0.0,24.8,2019,5
377,2019-06-01,189,서귀포,21.7,89,189.1,1.6,209.5,0.0,26.1,2019,6
378,2019-07-01,189,서귀포,24.2,97,452.1,1.9,115.3,0.0,27.5,2019,7
379,2019-08-01,189,서귀포,27.1,93,317.3,1.7,198.8,0.0,30.6,2019,8
380,2019-09-01,189,서귀포,24.1,92,394.9,2.3,151.6,0.0,26.4,2019,9
381,2019-10-01,189,서귀포,20.0,78,150.6,2.0,238.3,0.0,22.6,2019,10
382,2019-11-01,189,서귀포,15.6,75,31.3,1.8,189.3,0.0,15.4,2019,11
383,2019-12-01,189,서귀포,10.7,73,84.9,1.5,145.9,0.0,10.5,2019,12
384,2020-01-01,189,서귀포,9.4,77,110.1,1.7,127.7,0.0,9.4,2020,1
385,2020-02-01,189,서귀포,9.7,75,95.5,1.7,176.4,1.8,11.0,2020,2
386,2020-03-01,189,서귀포,12.3,73,132.2,1.7,213.6,0.0,15.6,2020,3
387,2020-04-01,189,서귀포,13.9,65,81.8,1.7,265.3,0.0,18.4,2020,4
388,2020-05-01,189,서귀포,18.7,90,244.0,1.6,196.7,0.0,22.4,2020,5
389,2020-06-01,189,서귀포,22.4,91,406.1,1.6,151.6,0.0,26.0,2020,6
390,2020-07-01,189,서귀포,23.4,93,322.0,1.6,112.9,0.0,26.6,2020,7
391,2020-08-01,189,서귀포,27.4,92,159.2,1.8,183.0,0.0,32.0,2020,8
392,2020-09-01,189,서귀포,22.1,82,424.9,2.1,164.6,0.0,25.1,2020,9
393,2020-10-01,189,서귀포,18.5,68,39.2,1.7,217.4,0.0,22.2,2020,10
394,2020-11-01,189,서귀포,15.1,73,11.7,1.5,175.3,0.0,15.3,2020,11
395,2020-12-01,189,서귀포,8.3,68,62.9,1.4,182.4,4.0,8.2,2020,12
396,2021-01-01,189,서귀포,7.2,70,54.6,1.8,162.5,4.0,7.0,2021,1
397,2021-02-01,189,서귀포,10.1,70,51.2,2.2,175.3,1.7,11.5,2021,2
398,2021-03-01,189,서귀포,13.3,75,156.3,1.8,200.6,0.0,15.0,2021,3
399,2021-04-01,189,서귀포,16.0,68,182.0,2.1,229.9,0.0,18.6,2021,4
400,2021-05-01,189,서귀포,19.0,77,159.2,1.7,234.4,0.0,21.2,2021,5
401,2021-06-01,189,서귀포,22.8,86,200.8,1.6,186.1,0.0,26.1,2021,6
402,2021-07-01,189,서귀포,26.6,90,218.4,2.0,157.8,0.0,29.0,2021,7
403,2021-08-01,189,서귀포,26.3,89,318.4,1.8,179.5,0.0,29.0,2021,8
404,2021-09-01,189,서귀포,24.3,86,692.4,2.3,169.8,0.0,26.3,2021,9
405,2021-10-01,189,서귀포,20.4,72,33.4,1.6,228.5,0.0,22.6,2021,10
406,2021-11-01,189,서귀포,14.2,64,55.0,1.8,199.1,0.0,14.5,2021,11
407,2021-12-01,189,서귀포,9.3,64,14.5,1.5,189.5,1.0,8.8,2021,12
408,2022-01-01,189,서귀포,7.5,70,33.8,1.5,177.8,0.0,7.5,2022,1
409,2022-02-01,189,서귀포,6.1,62,18.6,1.6,173.4,0.0,6.7,2022,2
410,2022-03-01,189,서귀포,12.5,72,104.8,1.7,179.9,0.0,14.5,2022,3
411,2022-04-01,189,서귀포,16.2,70,125.4,1.7,219.5,0.0,19.7,2022,4
412,2022-05-01,189,서귀포,19.5,68,31.8,1.5,241.0,0.0,24.0,2022,5
413,2022-06-01,189,서귀포,22.5,90,269.7,1.7,136.5,0.0,25.5,2022,6
414,2022-07-01,189,서귀포,27.0,87,272.0,1.6,202.7,0.0,30.5,2022,7
415,2022-08-01,189,서귀포,27.7,85,263.1,1.8,219.0,0.0,31.2,2022,8
416,2022-09-01,189,서귀포,24.3,77,326.1,2.5,160.8,0.0,26.2,2022,9
417,2022-10-01,189,서귀포,19.0,67,11.8,1.9,214.8,0.0,21.7,2022,10
418,2022-11-01,189,서귀포,16.4,70,79.9,1.7,193.3,0.0,17.0,2022,11
419,2022-12-01,189,서귀포,7.4,65,24.3,1.5,148.1,7.9,8.2,2022,12
420,2023-01-01,189,서귀포,7.4,67,71.2,1.5,165.9,3.5,7.9,2023,1
421,2023-02-01,189,서귀포,9.4,68,59.6,1.6,161.0,0.0,9.9,2023,2
422,2023-03-01,189,서귀포,13.5,68,56.1,1.7,202.5,0.0,14.6,2023,3
423,2023-04-01,189,서귀포,15.8,70,191.1,2.2,200.8,0.0,17.9,2023,4
424,2023-05-01,189,서귀포,18.8,81,574.3,1.8,168.1,0.0,21.6,2023,5
425,2023-06-01,189,서귀포,22.6,85,418.5,1.4,153.7,0.0,25.5,2023,6
426,2023-07-01,189,서귀포,26.2,92,378.8,1.4,78.6,0.0,28.2,2023,7
427,2023-08-01,189,서귀포,28.0,78,218.9,1.9,250.9,0.0,32.3,2023,8
428,2023-09-01,189,서귀포,25.8,75,126.4,1.7,217.7,0.0,28.5,2023,9
429,2023-10-01,189,서귀포,19.9,59,5.9,1.7,252.3,0.0,21.9,2023,10
430,2023-11-01,189,서귀포,14.5,66,45.2,1.6,198.4,0.0,14.2,2023,11
431,2023-12-01,189,서귀포,9.9,69,74.7,1.6,133.8,5.7,9.7,2023,12
