병원명,구분,토요일,일요일,공휴일,주소,위도,경도,주소2
중문삼성연합의원, 의원,1,0,0,제주특별자치도 서귀포시 중문로 7,33.2526933883842,126.423027950794,중문동
조재익신경외과의원, 의원,1,0,0,제주특별자치도 서귀포시 대정읍 하모중앙로 76,33.2213903495082,126.251812065618,대정읍 하모리
제주현대안과의원, 의원,0,1,0,제주특별자치도 제주시 건주로 31,33.5167785217559,126.580982878284,도련일동
제주필의원, 의원,1,0,1,제주특별자치도 제주시 일주동로 229 ,33.5194425930885,126.569947757174,화북일동
제주연합재활의학과의원, 의원,1,0,0,제주특별자치도 제주시 서광로 294,33.5002042667494,126.527884346517,이도이동
제주삼성의원, 의원,1,0,0,제주특별자치도 제주시 신성로 78,33.4954440983053,126.527805588365,도남동
제주라파의원, 의원,1,0,1,제주특별자치도 제주시 연북로 34,33.4816683662675,126.484952001108,노형동
제일산부인과의원, 의원,1,0,1,제주특별자치도 서귀포시 동문로 46 ,33.2501246590042,126.565167753248,서귀동
제이뉴피부과의원, 의원,1,0,0,제주특별자치도 제주시 중앙로 337,33.4914901645134,126.537246969878,이도이동
정소아청소년과의원, 의원,1,1,1,제주특별자치도 제주시 승천로 74 ,33.4921926501796,126.542579496739,아라이동
정민구소아청소년과의원, 의원,1,0,0,제주특별자치도 제주시 건주로4길 6-8,33.5167666311552,126.58029352618,도련일동
정광훈 정형외과의원, 의원,1,0,0,제주특별자치도 제주시 연삼로 395 ,33.4951718158437,126.533757635336,이도이동
일도365의원, 의원,1,1,0,제주특별자치도 제주시 고마로 115,33.5042252423383,126.542096059768,일도이동
인혜의원, 의원,1,0,1,제주특별자치도 서귀포시 중앙로 93 ,33.2528292134515,126.56037911371,서귀동
이화소아청소년과의원, 의원,1,0,0,제주특별자치도 제주시 신설로7길 4 ,33.4922171093415,126.543760446478,아라이동
이지봄안과의원, 의원,1,0,0,제주특별자치도 제주시 노형로 390,33.4842953208458,126.47713256299,노형동
선유외과의원, 의원,1,0,0,제주특별자치도 제주시 중앙로 299,33.4944036527446,126.534643601759,이도이동
서울의원, 의원,1,0,0,제주특별자치도 제주시 구좌읍 구좌로 51,33.523223412093,126.856999783017,구좌읍 세화리
더유니콘의원, 의원,1,0,0,제주특별자치도 제주시 1100로 3323,33.4830018418011,126.480399348849,노형동
이태우정형외과의원, 의원,0,0,0,제주특별자치도 제주시 화삼북로 68,33.5170666641725,126.580288525295,도련일동
구구정형외과의원, 의원,1,0,0,제주특별자치도 제주시 우정로 55,33.4879795114921,126.431124027577,외도일동
힐리피엠씨의원, 의원,0,0,0,제주특별자치도 서귀포시 솔오름로 61,33.2836442424197,126.55977231894,동홍동
대한결핵협회 제주특별자치도지부 복십자의원, 의원,0,0,0,제주특별자치도 제주시 연북로 274,33.4802774472967,126.510643695753,오라이동
삼성서울정형외과의원, 의원,1,0,0,제주특별자치도 제주시 노형로 386,33.4841515431711,126.4769251227,노형동
서울퍼스트성형외과의원, 의원,1,0,0,제주특별자치도 서귀포시 월드컵로 8,33.2489939885441,126.507323170982,강정동
땡큐베리마취통증의학과의원, 의원,1,0,0,제주특별자치도 제주시 중앙로 352,33.4901540052416,126.537513507677,이도이동
연세차내과의원, 의원,1,0,0,제주특별자치도 제주시 우평로 338,33.4841944587667,126.430534621471,외도일동
제일정형외과의원, 의원,1,0,0,제주특별자치도 서귀포시 일주동로 8675,33.2530177709473,126.561689408622,서귀동
수목원정신건강의학과의원, 의원,0,0,0,제주특별자치도 제주시 1100로 3178,33.46981155562,126.485332189237,노형동
서울아산내과의원, 의원,1,0,0,제주특별자치도 제주시 연북로 511,33.4844445262988,126.534540530554,아라일동
예쁨주의쁨의원, 의원,1,0,0,제주특별자치도 제주시 노형8길 3,33.4844444517438,126.477797252714,노형동
911 매일의원, 의원,1,1,1,제주특별자치도 제주시 아연로 603,33.4777476702248,126.543587346335,아라일동
서울삼성재활의학과의원, 의원,1,0,0,제주특별자치도 서귀포시 대정읍 하모상가로 49,33.2221082143923,126.253974122864,대정읍 하모리
우리정형외과의원, 의원,1,0,0,제주특별자치도 서귀포시 중앙로 106 ,33.2540929745943,126.561078796087,동홍동
인제상쾌한이비인후과의원, 의원,1,1,1,제주특별자치도 제주시 동광로 86,33.50460591343,126.537513496745,이도이동
서귀포365일의원, 의원,1,1,1,제주특별자치도 서귀포시 서문로 2,33.2523823115724,126.56038929257,서귀동
제주특별자치도서귀포의료원, 종합병원,0,0,0,제주특별자치도 서귀포시 장수로 47 ,33.2559809912099,126.562948872895,동홍동
이좋은이비인후과의원, 의원,1,0,1,제주특별자치도 제주시 월랑로 39,33.4889462586235,126.475614662141,노형동
이엠돌담의원, 의원,1,0,0,제주특별자치도 제주시 일주동로 393,33.521537909651,126.58696097496,삼양이동
이스톤의원, 의원,1,0,1,제주특별자치도 서귀포시 대정읍 에듀시티로 102,33.2869426700437,126.280320074803,대정읍 보성리
이내과, 의원,1,0,1,제주특별자치도 서귀포시 중정로 68-1 ,33.2478280008257,126.563693164842,서귀동
이경신이비인후과의원, 의원,1,0,1,제주특별자치도 제주시 중앙로 61 ,33.5126642987908,126.52480539172,이도일동
유쾌한비뇨기과의원, 의원,1,0,0,제주특별자치도 제주시 1100로 3333,33.4836219692901,126.480144305382,노형동
유진마취통증의학과의원, 의원,1,0,0,제주특별자치도 제주시 중앙로 286,33.4947573297223,126.532961293435,이도이동
위소아청소년과의원, 의원,1,0,1,제주특별자치도 제주시 월랑로 39,33.4889462586235,126.475614662141,노형동
우리소아청소년과의원, 의원,1,0,0,제주특별자치도 제주시 우정로15길 5,33.4860933595521,126.431727067918,외도일동
용담의원, 의원,1,0,1,제주특별자치도 제주시 용담로 92,33.5119148080676,126.512347253755,용담이동
외도굿모닝이비인후과의원, 의원,1,0,0,제주특별자치도 제주시 우평로 338,33.4841944587667,126.430534621471,외도일동
와인피부과의원, 의원,1,0,0,제주특별자치도 제주시 1100로 3178,33.46981155562,126.485332189237,노형동
올레비뇨의학과의원, 의원,1,0,0,제주특별자치도 제주시 중앙로 366,33.4892179424257,126.538473449487,이도이동
온마음의원, 의원,0,1,0,제주특별자치도 제주시 연삼로 548 ,33.5023973829354,126.547453553136,일도이동
예닮빛의원, 의원,1,0,0,제주특별자치도 제주시 동광로 133,33.5080772083926,126.540781688451,일도이동
예나산부인과의원, 의원,1,0,0,제주특별자치도 제주시 서광로 83 ,33.5006079534785,126.504956663437,용담이동
연세제일안과의원, 의원,1,0,1,제주특별자치도 제주시 중앙로 337,33.4914901645134,126.537246969878,이도이동
연세이비인후과의원, 의원,1,1,1,제주특별자치도 제주시 고마로 117,33.5040195551784,126.542062489234,일도이동
연세유엘르의원, 의원,1,0,0,제주특별자치도 제주시 탑동로 24,33.517560202795,126.522460881414,삼도이동
연세외도정형외과의원, 의원,1,0,0,제주특별자치도 제주시 절물1길 40,33.4894240695434,126.431425872992,외도일동
연세안과의원, 의원,1,0,0,제주특별자치도 제주시 서광로 220 ,33.4995658930419,126.52008091726,삼도일동
연세모벨르의원, 의원,1,0,0,제주특별자치도 제주시 노형로 407,33.485821410903,126.478301044424,노형동
연세가정의학과의원, 의원,1,0,0,제주특별자치도 제주시 일주동로 179 ,33.5190258288468,126.564514595443,화북일동
엔젤산부인과의원, 의원,1,0,0,제주특별자치도 서귀포시 대정읍 에듀시티로239번길 12,33.2792710003083,126.275094001081,대정읍 보성리
에덴산부인과의원, 의원,1,0,0,제주특별자치도 제주시 수덕로 6,33.4886649230919,126.475307220929,노형동
양승철소아청소년과의원, 의원,1,1,1,제주특별자치도 서귀포시 중정로 50,33.2473868717569,126.561678459094,서귀동
애플정신건강의학과의원, 의원,1,0,0,제주특별자치도 제주시 연북로 38,33.4816497749802,126.485403352408,노형동
애플소아청소년과의원, 의원,1,0,0,제주특별자치도 제주시 중앙로 560 ,33.4736791675227,126.545316121542,아라일동
안덕의원, 의원,1,0,1,제주특별자치도 서귀포시 안덕면 화순로 112,33.2466456577539,126.33427139002,안덕면 화순리
아이세상소아청소년과의원, 의원,1,0,0,제주특별자치도 제주시 화삼로1길 14,33.5147429829224,126.575260663273,화북일동
아이사랑소아과의원, 의원,1,0,1,제주특별자치도 제주시 동광로 131 ,33.5079413615319,126.540471800294,일도이동
아름다운피부과의원, 의원,1,0,0,제주특별자치도 제주시 도령로 5,33.486787562871,126.479932791957,노형동
심창은소아청소년과, 의원,1,0,0,제주특별자치도 제주시 화삼북로 139,33.5172612012089,126.587988242861,삼양이동
신제주이비인후과의원, 의원,1,0,1,제주특별자치도 제주시 연북로 38 ,33.4816497749802,126.485403352408,노형동
수안과의원, 의원,1,0,1,제주특별자치도 제주시 중앙로 286,33.4947573297223,126.532961293435,이도이동
속편한내과의원, 의원,1,0,1,제주특별자치도 제주시 중앙로 359,33.4899901963348,126.538701667205,이도이동
소리나소아청소년과의원, 의원,1,0,0,제주특별자치도 제주시 중앙로 380,33.4882533859825,126.539386069529,이도이동
세화의원, 의원,1,0,1,제주특별자치도 제주시 구좌읍 세화5길 2,33.5234241719497,126.85666489078,구좌읍 세화리
서해산부인과의원, 의원,1,1,1,제주특별자치도 제주시 동광로 131 ,33.5079413615319,126.540471800294,일도이동
서울준마취통증의학과의원, 의원,1,0,0,제주특별자치도 제주시 관덕로 67,33.5133194615426,126.526565460652,일도일동
서울정형외과의원, 의원,1,0,1,제주특별자치도 서귀포시 월드컵로 8 ,33.2489939885441,126.507323170982,강정동
서울위즈덤성형외과의원, 의원,0,0,0,제주특별자치도 제주시 노형로 388,33.4842149299307,126.477033090069,노형동
서울아산이비인후과의원, 의원,1,0,0,제주특별자치도 서귀포시 일주동로 8694,33.2531943901125,126.559542936558,서홍동
서울삼성이비인후과의원, 의원,1,0,0,제주특별자치도 서귀포시 월드컵로 8 ,33.2489939885441,126.507323170982,강정동
서울나눔마취통증의학과의원, 의원,1,0,0,제주특별자치도 제주시 고사마루길 2,33.4802908734374,126.472234040441,노형동
서귀포중앙정형외과의원, 의원,1,0,0,제주특별자치도 서귀포시 일주동로 8666,33.2536909571303,126.562363402936,동홍동
삼화365플러스의원, 의원,1,1,1,제주특별자치도 제주시 건주로 43,33.515618997731,126.580987069057,도련일동
삼성드림소아청소년과의원, 의원,1,0,0,제주특별자치도 제주시 동광로 120,33.5066486552758,126.539887780287,일도이동
브이아이피(VIP)성형외과의원, 의원,0,0,0,제주특별자치도 제주시 은남1길 46,33.4894448654446,126.490973525324,연동
뷰앤미의원, 의원,0,0,0,제주특별자치도 제주시 노연로 118-1 ,33.485585258314,126.492913483309,연동
봉개의원, 의원,1,0,0,제주특별자치도 제주시 삼봉로 327-2,33.4938858966334,126.594209719321,봉개동
봄길의원, 의원,0,0,0,제주특별자치도 제주시 삼무로 18,33.4895983510098,126.488660583969,연동
베드로정형외과의원, 의원,1,0,0,제주특별자치도 제주시 일주동로 180,33.5185383401924,126.564745984762,화북일동
박상욱휴정신건강의학과의원, 의원,1,0,0,제주특별자치도 제주시 중앙로 337,33.4914901645134,126.537246969878,이도이동
민소아청소년과의원, 의원,1,0,0,제주특별자치도 제주시 인다10길 35,33.4746302028058,126.549398263308,아라일동
미소의원, 의원,1,1,1,제주특별자치도 제주시 노연로 29,33.4862509810967,126.483241294872,노형동
미사랑의원, 의원,1,0,0,제주특별자치도 제주시 중앙로 286 ,33.4947573297223,126.532961293435,이도이동
미모피부과의원, 의원,0,0,0,제주특별자치도 제주시 1100로 3347 2층 미모피부과의원 ,33.4848372184625,126.479605628771,노형동
문앤송소아청소년과의원, 의원,1,1,1,제주특별자치도 제주시 서광로 220,33.4995658930419,126.52008091726,삼도일동
모아의원, 의원,1,0,0,제주특별자치도 제주시 과원북4길 5 ,33.4813699204782,126.482523377392,노형동
멘파워비뇨기과의원, 의원,1,0,0,제주특별자치도 제주시 노연로 94 ,33.4857110958867,126.490204421725,연동
맘편한산부인과의원, 의원,1,0,0,제주특별자치도 제주시 1100로 3283,33.4794043922342,126.481797861927,노형동
마릴린제이의원, 의원,0,0,0,제주특별자치도 제주시 월랑로 5,33.4866900263728,126.478263449417,노형동
류정신건강의학과의원, 의원,1,0,0,제주특별자치도 제주시 건주로 22,33.5175149870554,126.580463315578,삼양이동
로하스의원, 의원,1,0,0,제주특별자치도 제주시 구남동8길 58,33.4854699148234,126.534950047883,아라일동
로즈마리의원, 의원,1,0,0,제주특별자치도 제주시 건주로4길 6-8,33.5167666311552,126.58029352618,도련일동
더좋은이비인후과의원, 의원,1,0,1,제주특별자치도 제주시 중앙로 337,33.4914901645134,126.537246969878,이도이동
더미인의원, 의원,1,0,0,제주특별자치도 서귀포시 중앙로 113,33.25480137328,126.560488355674,서홍동
더리프트의원, 의원,1,0,0,제주특별자치도 제주시 과원로 110,33.4793623460299,126.493480157363,연동
더고운의원, 의원,1,0,0,제주특별자치도 제주시 중앙로 371 ,33.4891743543604,126.539431766652,이도이동
단단한정형외과의원, 의원,1,0,0,제주특별자치도 제주시 연북로 76,33.4815487337564,126.489399163279,연동
심연정신건강의학과의원, 의원,1,0,0,제주특별자치도 제주시 중앙로 570,33.4726590975615,126.545266152334,아라일동
구좌의원, 의원,1,0,0,제주특별자치도 제주시 구좌읍 세화12길 1,33.5208359636264,126.85927280891,구좌읍 세화리
꿀의원, 의원,1,0,0,제주특별자치도 제주시 동화로 28,33.5178427402212,126.572794072486,화북일동
노형오거리재활의학과의원, 의원,1,0,0,제주특별자치도 제주시 1100로 3347,33.4848372184625,126.479605628771,노형동
인구보건복지협회제주지회가족보건의원, 의원,1,0,0,제주특별자치도 제주시 신대로13길 21 ,33.4878237172067,126.498894285117,연동
전원중속내과의원, 의원,1,0,0,제주특별자치도 제주시 노형로 378,33.4835900233367,126.476304019779,노형동
한국건강관리협회건강증진의원, 의원,1,0,0,제주특별자치도 제주시 연북로 111 ,33.4820951498002,126.49332190718,연동
행복의원, 의원,1,0,1,제주특별자치도 제주시 조천읍 신북로 226,33.5360014855524,126.637179387123,조천읍 조천리
나우메디의원, 의원,1,1,1,제주특별자치도 제주시 연북로 511,33.4844445262988,126.534540530554,아라일동
노형365준의원, 의원,1,1,1,제주특별자치도 제주시 수덕로 41,33.4861483341127,126.472784599759,노형동
연동365일의원, 의원,1,1,1,제주특별자치도 제주시 연북로 99,33.4821139255537,126.492005938839,연동
국가대표정형외과의원, 의원,1,0,0,제주특별자치도 제주시 1100로 3321,33.4828355651889,126.480565928098,노형동
표선연세의원, 의원,1,1,0,제주특별자치도 서귀포시 표선면 표선관정로 97,33.3243350949031,126.830856774379,표선면 표선리
최선365의원, 의원,0,0,0,제주특별자치도 서귀포시 성산읍 고성오조로 67,33.4495805003363,126.914591544548,성산읍 고성리
닥터문의원, 의원,1,0,0,제주특별자치도 제주시 애월읍 애조로 236,33.4729231341514,126.408716519328,애월읍 상귀리
다나산부인과의원, 의원,1,0,1,제주특별자치도 제주시 고마로 47 ,33.5100343512406,126.539461415371,일도이동
늘봄미아름의원, 의원,1,0,0,제주특별자치도 제주시 월랑로 33,33.4885609141354,126.47608257237,노형동
녹십자정형외과의원, 의원,1,1,1,제주특별자치도 제주시 도령로 9 ,33.4867946632798,126.480400372295,노형동
남원의원, 의원,1,0,1,제주특별자치도 서귀포시 남원읍 태위로 636,33.2777075659547,126.71460904248,남원읍 남원리
꾸러기 소아 청소년과 의원, 의원,1,0,0,제주특별자치도 제주시 우정로 63,33.4871363196766,126.431118350237,외도일동
김영중의원, 의원,1,0,0,제주특별자치도 제주시 노형로 386,33.4841515431711,126.4769251227,노형동
김앤김신경외과의원, 의원,1,0,0,제주특별자치도 제주시 1100로 3324,33.4830200035135,126.481205117721,노형동
김세희소아과의원, 의원,1,0,0,제주특별자치도 제주시 동광로 110,33.5061298401656,126.539246511365,일도이동
김명식내과의원, 의원,1,0,0,제주특별자치도 제주시 용문로 163 ,33.5092782759611,126.51081189938,용담이동
김래상신경외과의원, 의원,1,0,0,제주특별자치도 제주시 중앙로 366,33.4892179424257,126.538473449487,이도이동
김기준이비인후과의원, 의원,1,0,0,제주특별자치도 제주시 승천로 75 ,33.4922384009257,126.543176897454,아라이동
김광정정형외과의원, 의원,1,0,0,제주특별자치도 제주시 월랑로8길 1,33.4888313001214,126.476679743326,노형동
고은미(美)의원, 의원,1,0,0,제주특별자치도 서귀포시 일주동로 8707,33.2524785027918,126.558248389213,서귀동
남재희삼성피부과의원, 의원,1,0,0,제주특별자치도 제주시 관덕로 5,33.5129208379056,126.519718315395,삼도이동
성국한신경외과의원, 의원,1,0,0,제주특별자치도 서귀포시 월드컵로 14,33.2484954704173,126.507139041774,강정동
그린정형외과의원, 의원,1,0,0,제주특별자치도 서귀포시 일주동로 8544,33.2550599681672,126.575544828973,동홍동
권대헌내과의원, 의원,1,0,0,제주특별자치도 제주시 노형로 386,33.4841515431711,126.4769251227,노형동
굿모닝마취통증의학과의원, 의원,0,0,0,제주특별자치도 제주시 건주로 31,33.5167785217559,126.580982878284,도련일동
제주권역재활병원, 병원,0,0,0,제주특별자치도 서귀포시 동문로 1 ,33.2528813892545,126.56246745282,서귀동
강윤종소아청소년과의원, 의원,1,0,0,제주특별자치도 제주시 일주동로 255,33.5206342191569,126.572210822067,화북일동
강남정형외과의원, 의원,1,0,1,제주특별자치도 서귀포시 대정읍 신영로 75,33.2209996508654,126.250818317088,대정읍 하모리
강남스타성형외과의원, 의원,1,0,0,제주특별자치도 제주시 신형로 14,33.4822751108546,126.47663826164,노형동
하귀의원, 의원,1,0,0,제주특별자치도 제주시 애월읍 하귀로 83,33.4821132548611,126.405447088205,애월읍 하귀2리
올레마취통증의학과의원, 의원,1,0,0,제주특별자치도 제주시 관덕로13길 2,33.5133491834926,126.526015193727,일도일동
제주푸른병원, 병원,1,1,1,제주특별자치도 제주시 조천읍 번영로 957,33.4759685465673,126.639045638796,조천읍 와흘리
김헌지정형외과의원, 의원,1,0,0,제주특별자치도 제주시 동광로15길 4 ,33.5060624042876,126.537867576967,일도이동
한라힘내과의원, 의원,1,0,0,제주특별자치도 서귀포시 동문로 5,33.2523432454262,126.562068685543,서귀동
탑동365일의원, 의원,1,1,1,제주특별자치도 제주시 탑동로 24 ,33.517560202795,126.522460881414,삼도이동
의료법인 중앙의료재단 중앙병원, 종합병원,1,0,0,제주특별자치도 제주시 월랑로 91-0 ,33.4923211704292,126.470480704295,이호이동
서울아산정형외과의원, 의원,1,0,0,제주특별자치도 제주시 조천읍 함덕13길 1,33.5415362832762,126.667466404234,조천읍 함덕리
행복한가정의학과의원, 의원,1,0,0,제주특별자치도 제주시 수덕1길 3 ,33.4862425301571,126.478276246833,노형동
강남새힘마취통증의학과의원, 의원,1,0,0,제주특별자치도 서귀포시 동문로 8,33.2519880099365,126.56201937785,서귀동
제주조은의원, 의원,1,0,0,제주특별자치도 제주시 용담로 46 ,33.5127685258347,126.507652346153,용담이동
동남의원, 의원,1,0,0,제주특별자치도 서귀포시 성산읍 서성일로 1177,33.4463868418404,126.904146924985,성산읍 고성리
박경식신경외과의원, 의원,1,0,0,제주특별자치도 제주시 서광로 263 ,33.5002241500889,126.524595836648,삼도일동
탑정형외과의원, 의원,1,0,0,제주특별자치도 제주시 한림읍 한림로 671,33.414958802335,126.264726837136,한림읍 한림리
제주수흉부외과의원, 의원,1,0,0,제주특별자치도 제주시 노형로 407,33.485821410903,126.478301044424,노형동
탑동병원, 병원,1,0,0,제주특별자치도 제주시 탑동로 26 ,33.5176852695215,126.52218453603,삼도이동
양승지외과의원, 의원,0,0,0,제주특별자치도 서귀포시 서문로 2 ,33.2523823115724,126.56038929257,서귀동
작은성모의원, 의원,1,0,0,제주특별자치도 제주시 화삼북로 63 ,33.5174991708227,126.579866759828,삼양이동
이창현정형외과의원, 의원,0,0,0,제주특별자치도 제주시 연북로 50,33.4815916076525,126.48666080169,노형동
(사)한국한센복지협회제주특별자치도지부부설복지피부과의원, 의원,1,0,0,제주특별자치도 제주시 신대로 128 ,33.4858517995196,126.496059583157,연동
제이사랑정형외과의원, 의원,0,1,0,제주특별자치도 제주시 1100로 3342,33.4844753712428,126.480649640535,노형동
정온정형외과 의원, 의원,0,0,0,제주특별자치도 서귀포시 표선면 표선관정로 97,33.3243350949031,126.830856774379,표선면 표선리
중문의원, 의원,1,0,0,제주특별자치도 서귀포시 중문상로 36 ,33.2514378445328,126.425454724505,중문동
모딜리아니의원, 의원,1,0,0,제주특별자치도 제주시 서광로 278 ,33.4999816815601,126.526212033291,이도이동
바툼낭의원, 의원,0,0,0,제주특별자치도 제주시 1100로 3213-27 ,33.4760038041208,126.481505787404,노형동
쿨맨남성의원, 의원,1,0,0,제주특별자치도 제주시 1100로 3328,33.4832603322496,126.481067363307,노형동
제주특별자치도제주의료원, 병원,0,0,0,제주특별자치도 제주시 산천단남길 10,33.4448911815459,126.560846900382,아라일동
황수란피부과의원, 의원,1,0,0,제주특별자치도 서귀포시 일주동로 8675,33.2530177709473,126.561689408622,서귀동
맑은수면이비인후과의원, 의원,1,1,0,제주특별자치도 제주시 원노형남1길 1,33.484006612815,126.480730767311,노형동
톡스앤필의원, 의원,1,0,0,제주특별자치도 제주시 노형로 378,33.4835900233367,126.476304019779,노형동
블리비의원, 의원,1,0,0,제주특별자치도 제주시 노형로 407,33.485821410903,126.478301044424,노형동
삼화내과의원, 의원,1,0,0,제주특별자치도 제주시 건주로 33,33.5164443483682,126.580996759829,도련일동
효재의원, 의원,1,0,0,제주특별자치도 제주시 서광로 301,33.5008427104047,126.528435749276,이도일동
삼화상쾌한의원, 의원,1,1,1,제주특별자치도 제주시 화삼북로 68,33.5170666641725,126.580288525295,도련일동
효돈중앙의원, 의원,1,0,0,제주특별자치도 서귀포시 하신상로 32 ,33.2634809273589,126.617710314541,하효동
해비치의원, 의원,1,0,0,제주특별자치도 서귀포시 표선면 표선중앙로 86,33.3257122051326,126.83309601471,표선면 표선리
세화정형외과의원, 의원,1,0,0,제주특별자치도 제주시 구좌읍 구좌로 40,33.5232790282259,126.855667474488,구좌읍 세화리
엘라 여성의원, 의원,1,0,0,제주특별자치도 서귀포시 중앙로 89,33.2525963969071,126.56042567209,서귀동
송악의원, 의원,1,0,0,제주특별자치도 서귀포시 안덕면 화순중앙로 45,33.2482037161403,126.336105098151,안덕면 화순리
마디의원, 의원,1,0,0,제주특별자치도 서귀포시 성산읍 일출로 4,33.4471015213541,126.913295187203,성산읍 고성리
드림포레산부인과의원, 의원,1,0,0,제주특별자치도 제주시 서사로 136,33.5003108132464,126.519598778894,삼도일동
장진근두근두근내과의원, 의원,1,0,0,제주특별자치도 제주시 도령로 64,33.4891674212577,126.485335865845,연동
배진성마취통증의학과의원, 의원,1,0,0,제주특별자치도 제주시 우정로15길 5,33.4860933595521,126.431727067918,외도일동
사회복지법인춘강부설제주춘강의원, 의원,0,0,0,제주특별자치도 제주시 월구1길 73 ,33.4938617840002,126.501669992485,오라삼동
벨르몬성형외과의원, 의원,1,1,0,제주특별자치도 서귀포시 안덕면 신화역사로304번길 38,33.3049726791712,126.31635202613,안덕면 서광리
대정연합의원, 의원,1,0,0,제주특별자치도 서귀포시 대정읍 하모상가로 46,33.2216021034565,126.253697691239,대정읍 하모리
밸런스웰가의원, 의원,1,0,0,제주특별자치도 제주시 동광로 90,33.5048156552258,126.537739354044,이도이동
대정의원, 의원,1,0,0,제주특별자치도 서귀포시 대정읍 하모상가로 46,33.2216021034565,126.253697691239,대정읍 하모리
아미의원, 의원,0,0,0,제주특별자치도 제주시 1100로 3323,33.4830018418011,126.480399348849,노형동
삼성신경외과의원, 의원,1,0,0,제주특별자치도 서귀포시 중앙로 86 ,33.252272884907,126.561317325862,서귀동
선내과의원, 의원,1,0,0,제주특별자치도 제주시 중앙로 299,33.4944036527446,126.534643601759,이도이동
남원고려의원, 의원,1,0,0,제주특별자치도 서귀포시 남원읍 태위로 691,33.2796337348585,126.720287003432,남원읍 남원리
바움소아청소년과의원, 의원,1,0,0,제주특별자치도 서귀포시 월드컵로 8,33.2489939885441,126.507323170982,강정동
건강100세의원, 의원,1,0,0,제주특별자치도 제주시 서광로 273,33.5004176607745,126.525662002453,이도일동
기쁨여성의원, 의원,1,0,0,제주특별자치도 제주시 노형로 378,33.4835900233367,126.476304019779,노형동
표선삼성의원, 의원,1,0,0,제주특별자치도 서귀포시 표선면 표선중앙로80번길 1,33.3260292338741,126.832438324988,표선면 표선리
슬하정신건강의학과의원, 의원,1,0,0,제주특별자치도 제주시 노형8길 2,33.4843262448719,126.477346169156,노형동
한라정형외과의원, 의원,1,0,0,제주특별자치도 제주시 연북로 26,33.4816909253754,126.484132876166,노형동
365제주의원, 의원,1,1,0,제주특별자치도 제주시 서광로 302,33.5003324893306,126.528859722904,이도이동
성산의원, 의원,1,1,1,제주특별자치도 서귀포시 성산읍 고성동서로56번길 16,33.4497786193085,126.914511437441,성산읍 고성리
튼튼소아청소년과의원, 의원,1,0,0,제주특별자치도 제주시 과원북4길 35,33.4812622296803,126.486371601557,노형동
새론의원, 의원,1,0,0,제주특별자치도 서귀포시 신서로48번길 31 ,33.2535774663368,126.508636272298,강정동
한경의원, 의원,1,0,0,제주특별자치도 제주시 한경면 두신로 75,33.34985647903,126.182806606152,한경면 신창리
이순재내과의원, 의원,1,0,0,제주특별자치도 제주시 중앙로 543,33.4750146577237,126.545746368652,아라일동
슬림미의원, 의원,1,0,0,제주특별자치도 제주시 연북로 99 ,33.4821139255537,126.492005938839,연동
서울뉴라인의원, 의원,1,0,0,제주특별자치도 제주시 월랑로 3,33.4864706584836,126.478475118898,노형동
두리이비인후과의원, 의원,1,0,0,제주특별자치도 제주시 연삼로 414,33.4956890709082,126.535440892783,이도이동
배정형외과내과의원, 의원,0,0,0,제주특별자치도 제주시 건주로 27,33.5170882126091,126.5811410102,도련일동
고려이비인후과의원, 의원,1,0,0,제주특별자치도 제주시 중앙로 366 ,33.4892179424257,126.538473449487,이도이동
제주미의원, 의원,1,1,1,제주특별자치도 제주시 서사로 137 ,33.5001420911967,126.520055246037,삼도일동
서울정형외과의원, 의원,1,0,0,제주특별자치도 제주시 중앙로 354,33.4900853370456,126.537715735683,이도이동
윤진호정형외과의원, 의원,1,0,0,제주특별자치도 제주시 동광로 90 ,33.5048156552258,126.537739354044,이도이동
제주제통의원, 의원,1,0,0,제주특별자치도 제주시 중앙로 371,33.4891743543604,126.539431766652,이도이동
새김녕의원, 의원,1,0,0,제주특별자치도 제주시 구좌읍 김녕로 116,33.5545573208558,126.750456056123,구좌읍 김녕리
우리연세이비인후과의원, 의원,1,0,0,제주특별자치도 제주시 도령로 74 ,33.4897415444847,126.486332954052,연동
서울삼성내과의원, 의원,1,0,0,제주특별자치도 제주시 애월읍 하광로 12,33.4841802424623,126.411417274651,애월읍 하귀1리
서울성모재활의학과의원, 의원,1,0,0,제주특별자치도 서귀포시 동문로 5,33.2523432454262,126.562068685543,서귀동
아이맘소아청소년과의원, 의원,1,0,0,제주특별자치도 서귀포시 신서귀로97번길 51,33.2539879848355,126.506975247499,강정동
제주우리병원, 병원,1,0,0,제주특별자치도 제주시 중앙로 373 ,33.488982016406,126.539666925704,이도이동
한수풀의원, 의원,0,0,0,제주특별자치도 제주시 한림읍 한림로 681,33.4156469861949,126.264772856651,한림읍 한림리
삼성맘편한신경과의원, 의원,0,0,0,제주특별자치도 서귀포시 중앙로 113,33.25480137328,126.560488355674,서홍동
고든비뇨의학과의원, 의원,1,0,0,제주특별자치도 제주시 도령로 76,33.489817924436,126.486554163651,연동
타임소아청소년과의원, 의원,1,0,1,제주특별자치도 제주시 중앙로 371,33.4891743543604,126.539431766652,이도이동
삼다중앙의원, 의원,1,1,1,제주특별자치도 제주시 애월읍 하귀로 37,33.4803160128959,126.401136620648,애월읍 하귀2리
강남성모안과의원, 의원,1,0,0,제주특별자치도 제주시 수덕1길 3 ,33.4862425301571,126.478276246833,노형동
오케이정형외과의원, 의원,1,0,0,제주특별자치도 제주시 동광로 108-1 ,33.5060460786907,126.539148588153,일도이동
이지현의원, 의원,1,0,0,제주특별자치도 제주시 과원로 110,33.4793623460299,126.493480157363,연동
서울탑정신건강의학과의원, 의원,1,0,0,제주특별자치도 제주시 1100로 3321,33.4828355651889,126.480565928098,노형동
한림이비인후과의원, 의원,1,0,0,제주특별자치도 제주시 한림읍 명랑로 6,33.4146450901615,126.265494612564,한림읍 한림리
건강한한림연합내과의원, 의원,1,0,0,제주특별자치도 제주시 한림읍 한림중앙로 71,33.4087215576125,126.266712248867,한림읍 한림리
한림의원, 의원,1,1,1,제주특별자치도 제주시 한림읍 한림중앙로 29,33.4121682539585,126.265191013939,한림읍 한림리
성이시돌복지의원, 의원,0,0,0,제주특별자치도 제주시 한림읍 산록남로 50,33.3442996570488,126.321132991033,한림읍 금악리
한림본정형외과의원, 의원,0,0,0,제주특별자치도 제주시 한림읍 한림상로 116,33.4099219825896,126.265486208907,한림읍 동명리
한림김안과의원, 의원,0,0,0,제주특별자치도 제주시 한림읍 명랑로 13,33.4147296289076,126.266403738707,한림읍 한림리
제주대학교병원, 종합병원,0,0,0,제주특별자치도 제주시 아란13길 15-  ,33.4672085209581,126.545201028535,아라일동
서울푸른정신건강의학과의원, 의원,1,0,0,제주특별자치도 제주시 노형로 407,33.485821410903,126.478301044424,노형동
눈사랑안과의원, 의원,0,1,0,제주특별자치도 제주시 노형8길 2,33.4843262448719,126.477346169156,노형동
탑성형외과의원, 의원,1,0,0,제주특별자치도 제주시 서광로 131 ,33.5005390817873,126.510450509709,용담이동
강남마디척의원, 의원,1,0,0,제주특별자치도 서귀포시 신서로48번길 52,33.2527905225291,126.510372674781,법환동
강골정형외과의원, 의원,1,0,0,제주특별자치도 제주시 서광로 272,33.4997867260762,126.525426431214,도남동
가톨릭안과의원, 의원,1,0,0,제주특별자치도 제주시 도령로 1,33.486812673941,126.479321267482,노형동
WE병원, 병원,0,0,0,제주특별자치도 서귀포시 1100로 453-95  ,33.2858507894235,126.444618497938,회수동
의료법인 혜인의료재단 한국병원, 종합병원,1,0,0,제주특별자치도 제주시 서광로 193 ,33.5003915262127,126.516729196278,삼도일동
한마음병원, 종합병원,1,0,0,제주특별자치도 제주시 연신로 52-  ,33.4962868079834,126.546238571767,이도이동
고영관신경외과의원, 의원,1,0,0,제주특별자치도 제주시 연삼로 342,33.4919650047206,126.529078288259,도남동
해맑은비뇨의학과의원, 의원,1,0,0,제주특별자치도 제주시 월랑로 1,33.4863844954209,126.478567739143,노형동
제주한라병원, 종합병원,1,0,0,제주특별자치도 제주시 도령로 65-  ,33.4902661749243,126.484919722369,연동
하나신통의원, 의원,1,0,0,제주특별자치도 서귀포시 대정읍 신영로 112-1,33.2216470276013,126.254393389872,대정읍 하모리
아산 본 정형외과 의원, 의원,1,0,0,제주특별자치도 서귀포시 대정읍 중산간서로 2274,33.2807928230905,126.285370709694,대정읍 구억리
더이음정신건강의학과의원, 의원,1,0,0,제주특별자치도 제주시 중앙로 299,33.4944036527446,126.534643601759,이도이동
서귀포열린병원, 병원,1,1,1,제주특별자치도 서귀포시 일주동로 8638 ,33.2544659162544,126.565425372675,동홍동
정안과의원, 의원,1,1,1,제주특별자치도 서귀포시 중정로 54-1 ,33.247510255393,126.562227565513,서귀동
양재식내과의원, 의원,1,0,1,제주특별자치도 서귀포시 동문로 2,33.2523192582574,126.561504673145,서귀동
생생가정의학과의원, 의원,1,0,0,제주특별자치도 서귀포시 안덕면 화순로 132,33.2465493071016,126.332309568164,안덕면 화순리
함덕튼튼의원, 의원,1,0,0,제주특별자치도 제주시 조천읍 신북로 523,33.5420394042026,126.665971016422,조천읍 함덕리
유소아과의원, 의원,1,1,1,제주특별자치도 서귀포시 중앙로 93 ,33.2528292134515,126.56037911371,서귀동
고려삼성의원, 의원,1,0,0,제주특별자치도 서귀포시 중앙로 44 ,33.2485506417873,126.561893270912,서귀동
베스트비뇨기과의원, 의원,1,0,0,제주특별자치도 서귀포시 동문로 5,33.2523432454262,126.562068685543,서귀동
현대산부인과의원, 의원,1,0,1,제주특별자치도 서귀포시 동문로 61 ,33.2493886141324,126.567067621968,서귀동
윤성현내과의원, 의원,1,0,1,제주특별자치도 서귀포시 중정로 38  ,33.2473594620155,126.560375596439,서귀동
대림외과의원, 의원,1,0,1,제주특별자치도 서귀포시 중앙로 25-3 ,33.2470898329365,126.561538729427,서귀동
시원한이비인후과의원, 의원,1,0,1,제주특별자치도 서귀포시 중정로 65-1  ,33.2483294168783,126.563184941217,서귀동
조대경안심내과의원, 의원,1,0,0,제주특별자치도 제주시 노형8길 2 ,33.4843262448719,126.477346169156,노형동
제주삼성안과의원, 의원,0,0,0,제주특별자치도 제주시 관덕로 66 ,33.5128681419798,126.526286786596,일도일동
제주늘푸른의원, 의원,1,0,0,제주특별자치도 제주시 중앙로 132,33.5068454153752,126.524707080033,삼도이동
박재홍내과의원, 의원,1,0,0,제주특별자치도 제주시 고마로 149,33.5015046264362,126.543570318192,일도이동
혜민내과의원, 의원,1,0,0,제주특별자치도 제주시 동광로15길 2,33.5059541422948,126.538114500289,일도이동
장용안과의원, 의원,1,0,0,제주특별자치도 제주시 서광로 302,33.5003324893306,126.528859722904,이도이동
미래산부인과의원, 의원,1,0,0,제주특별자치도 제주시 연북로 28,33.4816780028989,126.484364060661,노형동
박지욱신경과의원, 의원,1,0,0,제주특별자치도 제주시 월랑로 3 ,33.4864706584836,126.478475118898,노형동
함내과의원, 의원,1,0,0,제주특별자치도 제주시 관덕로 63 ,33.5132798345909,126.526081549986,일도일동
참정형외과의원, 의원,1,0,0,제주특별자치도 제주시 중앙로 570,33.4726590975615,126.545266152334,아라일동
강정형외과의원, 의원,1,0,0,제주특별자치도 제주시 서광로 262,33.4996621148119,126.524506360365,삼도일동
최고이비인후과의원, 의원,1,0,1,제주특별자치도 제주시 노형로 376,33.483414723833,126.476126253122,노형동
이동구내과의원, 의원,1,0,0,제주특별자치도 제주시 신광로 64,33.4865079326412,126.489746657434,연동
함덕의원, 의원,0,0,0,제주특별자치도 제주시 조천읍 신북로 501,33.5429861252376,126.66382368387,조천읍 함덕리
참사랑소아과의원, 의원,1,0,0,제주특별자치도 제주시 우정로 56 ,33.4879769858243,126.430731090549,외도일동
고산사랑의원, 의원,1,0,0,제주특별자치도 제주시 한경면 고산로 15,33.3024441015566,126.179395177946,한경면 고산리
하귀튼튼의원, 의원,1,0,0,제주특별자치도 제주시 애월읍 하귀9길 1,33.4867393589107,126.414969308735,애월읍 하귀1리
김석홍마취통증의학과의원, 의원,1,0,0,제주특별자치도 서귀포시 중정로 56-1 ,33.2474900546883,126.562456976462,서귀동
서문의원, 의원,1,0,0,제주특별자치도 제주시 서문로 68 ,33.5117397203378,126.518385714275,용담일동
케이뷰티성형외과의원, 의원,1,0,0,제주특별자치도 제주시 중앙로 371-1,33.4891018116477,126.539562671479,이도이동
드림통증의원, 의원,1,0,0,제주특별자치도 서귀포시 남원읍 태위로 629,33.2780525546423,126.714070239628,남원읍 남원리
고산의원, 의원,1,0,0,제주특별자치도 제주시 한경면 고산로 8,33.3016564504699,126.179829663884,한경면 고산리
탐라의원, 의원,1,0,0,제주특별자치도 제주시 한림읍 한림로 684,33.4157091179464,126.265292353697,한림읍 한림리
김의원, 의원,1,0,0,제주특별자치도 제주시 한림읍 사가길 1,33.4146962685684,126.26398326895,한림읍 한림리
포에버의원, 의원,1,0,0,제주특별자치도 제주시 삼무로 18,33.4895983510098,126.488660583969,연동
더자란 소아청소년과의원, 의원,1,0,0,제주특별자치도 제주시 연북로 556,33.4863961448418,126.539082682588,아라일동
하동바툼낭의원, 의원,1,0,0,제주특별자치도 제주시 애월읍 하귀로 35,33.4803467441823,126.40098470745,애월읍 하귀2리
하나로의원, 의원,1,0,0,제주특별자치도 제주시 조천읍 함와로 40,33.5365660075389,126.674912222026,조천읍 함덕리
고은희산부인과의원, 의원,1,0,0,제주특별자치도 서귀포시 중정로 78 ,33.2480013329838,126.564681981088,서귀동
홍소아청소년과의원, 의원,1,0,0,제주특별자치도 제주시 아란7길 18,33.4745816172885,126.543512177609,아라일동
해맑은소아과의원, 의원,1,0,0,제주특별자치도 제주시 수덕로 6 ,33.4886649230919,126.475307220929,노형동
위미의원, 의원,1,0,0,제주특별자치도 서귀포시 남원읍 태위로 123,33.2749675317659,126.660715872938,남원읍 위미리
명이비인후과의원, 의원,1,0,0,제주특별자치도 제주시 서광로 215 ,33.5001243460011,126.519524370686,삼도일동
더편한오동훈내과의원, 의원,1,0,0,제주특별자치도 제주시 서광로 294,33.5002042667494,126.527884346517,이도이동
맨투맨남성의원, 의원,1,0,0,제주특별자치도 제주시 도령로 7,33.4866698393292,126.48011049475,노형동
허용가정의학과의원, 의원,1,0,0,제주특별자치도 서귀포시 서호남로 91,33.2531401460418,126.52228132127,서호동
파랑새의원, 의원,1,1,1,제주특별자치도 제주시 노연로 90 ,33.4857262153656,126.489715841975,연동
이종영안과의원, 의원,1,0,0,제주특별자치도 제주시 노형로 378,33.4835900233367,126.476304019779,노형동
속편한드림내과의원, 의원,1,0,0,제주특별자치도 제주시 노형8길 3,33.4844444517438,126.477797252714,노형동
한라속시원내과의원, 의원,1,0,0,제주특별자치도 제주시 중앙로 266,33.4961300404314,126.531799909918,이도이동
강미정소아청소년과의원, 의원,1,0,0,제주특별자치도 제주시 연오로 59,33.4879308657759,126.502057860304,오라삼동
하나가정의학과의원, 의원,1,0,0,제주특별자치도 제주시 월랑로 59,33.4902322419752,126.474199468505,노형동
제주제일의원, 의원,1,0,0,제주특별자치도 제주시 동문로20길 1 ,33.5136308871107,126.53663219695,일도이동
제일내과의원, 의원,1,0,0,제주특별자치도 제주시 월랑로 1,33.4863844954209,126.478567739143,노형동
우리들소아청소년과의원, 의원,1,0,0,제주특별자치도 제주시 연북로 38,33.4816497749802,126.485403352408,노형동
오정헌내과의원, 의원,1,0,0,제주특별자치도 제주시 우정로8길 2,33.4893639324779,126.430679405636,외도일동
예일소아과의원, 의원,1,0,0,제주특별자치도 제주시 연북로 40 ,33.4816329345296,126.485625199268,노형동
연세내과의원, 의원,1,0,0,제주특별자치도 제주시 구좌읍 세화3길 2,33.5236129426723,126.856022042717,구좌읍 세화리
애월정의원, 의원,1,0,0,제주특별자치도 제주시 애월읍 애월로 109,33.4648651779604,126.319188072199,애월읍 애월리
시원의원, 의원,1,0,0,제주특별자치도 제주시 한림읍 한림중앙로 46 ,33.4105960192047,126.265107178745,한림읍 한림리
서울아산신경외과의원, 의원,1,0,0,제주특별자치도 제주시 서광로 301,33.5008427104047,126.528435749276,이도일동
서울가정의학과의원, 의원,1,0,0,제주특별자치도 제주시 조천읍 신촌4길 2 201동 101호 ,33.5329417165966,126.619384935976,조천읍 신촌리
더맑은이비인후과의원, 의원,1,0,0,제주특별자치도 제주시 동화로 28,33.5178427402212,126.572794072486,화북일동
다사랑의원, 의원,1,0,0,제주특별자치도 제주시 신대로 128 ,33.4858517995196,126.496059583157,연동
노형이비인후과의원, 의원,1,0,0,제주특별자치도 제주시 월랑로 1,33.4863844954209,126.478567739143,노형동
노동의원, 의원,1,0,0,제주특별자치도 제주시 만덕로3길 2,33.5149345777914,126.532215713718,건입동
고순희내과의원, 의원,1,0,0,제주특별자치도 제주시 서사로 155 ,33.4984631916553,126.520043633981,삼도일동
고려의원, 의원,1,0,0,제주특별자치도 제주시 구좌읍 세화10길 1,33.5208355861818,126.858782714682,구좌읍 세화리
현 비뇨의학과 의원, 의원,1,0,0,제주특별자치도 서귀포시 대정읍 하모상가로 49,33.2221082143923,126.253974122864,대정읍 하모리
한라성심의원, 의원,1,0,0,제주특별자치도 제주시 동광로 107,33.5063922715212,126.538755973917,일도이동
표선의원, 의원,1,0,1,제주특별자치도 서귀포시 표선면 표선동서로 225,33.3242518318003,126.831621729203,표선면 표선리
탐라미의원, 의원,1,0,0,제주특별자치도 제주시 서해안로 24,33.4998504889239,126.456850045358,이호일동
킴스연합의원, 의원,1,0,0,제주특별자치도 서귀포시 동홍중앙로 49 ,33.2550558185613,126.57183575331,동홍동
청담루이성형외과의원, 의원,1,0,0,제주특별자치도 제주시 노형14길 14,33.484497219176,126.479775295979,노형동
임덕방사선과의원, 의원,0,0,0,제주특별자치도 제주시 중앙로 77 ,33.5112411910527,126.524560673505,이도일동
성산제일정형외과의원, 의원,0,0,0,제주특별자치도 서귀포시 성산읍 동류암로36번길 16,33.4499157847465,126.915741296905,성산읍 고성리
서울의원, 의원,0,0,0,제주특별자치도 서귀포시 일주동로 8610,33.2549066930317,126.56844600676,동홍동
삼양가정의원, 의원,1,0,0,제주특별자치도 제주시 일주동로 366 ,33.5208841725461,126.584080157623,삼양이동
해랑소아청소년과의원, 의원,1,0,0,제주특별자치도 서귀포시 동문로 5,33.2523432454262,126.562068685543,서귀동
한라이비인후과의원, 의원,1,0,0,제주특별자치도 서귀포시 일주동로 8675 ,33.2530177709473,126.561689408622,서귀동
한관지이비인후과의원, 의원,1,0,1,제주특별자치도 서귀포시 중정로 56-1 ,33.2474900546883,126.562456976462,서귀동
하나의원, 의원,1,0,0,제주특별자치도 서귀포시 중정로 76 ,33.2479212053484,126.564483756251,서귀동
푸른소아청소년과의원, 의원,1,0,0,제주특별자치도 서귀포시 중앙로 35-1 ,33.2478641206696,126.561606221084,서귀동
우리의원, 의원,1,0,0,제주특별자치도 서귀포시 성산읍 동류암로36번길 23 ,33.4496175289055,126.915076362584,성산읍 고성리
우리들소아과의원, 의원,1,0,0,제주특별자치도 서귀포시 중정로 70,33.24777808645,126.563831943749,서귀동
서귀포내과의원, 의원,1,0,0,제주특별자치도 서귀포시 중앙로 89,33.2525963969071,126.56042567209,서귀동
본의원, 의원,1,0,0,제주특별자치도 서귀포시 일주동로 9213,33.248712252659,126.508491059708,법환동
바른정의원, 의원,1,0,0,제주특별자치도 제주시 성지로 76-1 ,33.5115250525451,126.531362263895,일도이동
미우성형외과의원, 의원,1,0,0,제주특별자치도 제주시 노형로 407,33.485821410903,126.478301044424,노형동
문의원, 의원,1,0,1,제주특별자치도 제주시 한림읍 한림로 652 ,33.4138298431515,126.262874767005,한림읍 한림리
문성철정형외과의원, 의원,1,0,0,제주특별자치도 제주시 일주동로 241,33.5198327989352,126.570960870211,화북일동
삼성정형외과의원, 의원,1,0,0,제주특별자치도 제주시 동광로 124,33.5069867270985,126.540293885402,일도이동
제주대항외과의원, 의원,1,0,0,제주특별자치도 제주시 고마로 53,33.509500248517,126.53970403748,일도이동
중앙의원, 의원,1,1,1,제주특별자치도 서귀포시 대정읍 상모로 313 ,33.2225300089931,126.255859278342,대정읍 상모리
신윤석외과의원, 의원,1,0,0,제주특별자치도 서귀포시 월드컵로 8,33.2489939885441,126.507323170982,강정동
서울탑외과의원, 의원,1,0,0,제주특별자치도 제주시 1100로 3321,33.4828355651889,126.480565928098,노형동
홍성희여성외과의원, 의원,1,0,0,제주특별자치도 제주시 노형8길 2 ,33.4843262448719,126.477346169156,노형동
미인세상의원, 의원,1,0,0,제주특별자치도 제주시 연북로 527,33.4851989356373,126.536163681745,아라일동
비바체성형외과의원, 의원,1,0,0,제주특별자치도 제주시 중앙로 302,33.4938136520931,126.534044371519,이도이동
온정신건강의학과의원, 의원,0,0,0,제주특별자치도 제주시 동광로 122,33.5068794566345,126.540226111547,일도이동
한빛정신건강의학과의원, 의원,1,0,0,제주특별자치도 제주시 서광로 184 ,33.4997145957062,126.5160784456,삼도일동
밝은정신건강의학과의원, 의원,1,0,0,제주특별자치도 서귀포시 중앙로 91 ,33.2527175839254,126.560402422658,서귀동
최인철정신건강의학과의원, 의원,1,0,0,제주특별자치도 제주시 1100로 3347,33.4848372184625,126.479605628771,노형동
한사랑정신과의원, 의원,1,0,0,제주특별자치도 제주시 서광로 273,33.5004176607745,126.525662002453,이도일동
이방훈재활의학과의원, 의원,0,0,0,제주특별자치도 제주시 서광로 157,33.5003166071857,126.513275051146,용담일동
서귀포빛사랑안과의원, 의원,1,0,0,제주특별자치도 서귀포시 동문로 2 ,33.2523192582574,126.561504673145,서귀동
이종찬제통마취과의원, 의원,1,0,0,제주특별자치도 서귀포시 중앙로 35-1 ,33.2478641206696,126.561606221084,서귀동
민마취통증의학과의원, 의원,1,0,0,제주특별자치도 제주시 동문로 76,33.5135012600925,126.534809712342,일도이동
바루나마취통증의학과의원, 의원,0,0,0,제주특별자치도 제주시 동광로 131 ,33.5079413615319,126.540471800294,일도이동
수마취통증의학과의원, 의원,1,0,0,제주특별자치도 서귀포시 중앙로 113,33.25480137328,126.560488355674,서홍동
하늘마취통증의학과의원, 의원,1,0,0,제주특별자치도 제주시 1100로 3333,33.4836219692901,126.480144305382,노형동
편안한마취통증의학과의원, 의원,1,0,0,제주특별자치도 제주시 일주동로 199,33.5190229158855,126.566846605617,화북일동
정성학 마취통증의학과의원, 의원,1,0,0,제주특별자치도 제주시 서사로 155,33.4984631916553,126.520043633981,삼도일동
드림미성형외과의원, 의원,0,0,0,제주특별자치도 제주시 1100로 3347,33.4848372184625,126.479605628771,노형동
조천부부의원, 의원,1,0,0,제주특별자치도 제주시 조천읍 신북로 237 ,33.5369184629232,126.637876970269,조천읍 조천리
연세예담의원, 의원,1,0,0,제주특별자치도 서귀포시 일주동로 8666,33.2536909571303,126.562363402936,동홍동
아산수의원, 의원,0,0,0,제주특별자치도 서귀포시 대정읍 에듀시티로239번길 16,33.2794966695968,126.275263560437,대정읍 보성리
아름다운의원, 의원,1,0,0,제주특별자치도 서귀포시 일주동로 8671 ,33.2530910639216,126.562044995228,서귀동
제주아름다운피부과의원, 의원,1,0,0,제주특별자치도 제주시 서광로 273 ,33.5004176607745,126.525662002453,이도일동
투게더피부과의원, 의원,1,0,0,제주특별자치도 서귀포시 월드컵로 8,33.2489939885441,126.507323170982,강정동
한승진신경외과의원, 의원,1,0,0,제주특별자치도 제주시 서광로 161 ,33.5003816890679,126.513730976435,용담일동
서귀포유신경외과의원, 의원,1,0,0,제주특별자치도 서귀포시 중앙로 43 ,33.2484061219292,126.561487195477,서귀동
메디필산부인과의원, 의원,1,0,0,제주특별자치도 제주시 중앙로 308 ,33.4932501979887,126.534703360433,이도이동
오나정산부인과의원, 의원,0,0,0,제주특별자치도 제주시 건주로 31,33.5167785217559,126.580982878284,도련일동
황비뇨기과의원, 의원,1,0,1,제주특별자치도 서귀포시 동문로 2 서귀동 ,33.2523192582574,126.561504673145,서귀동
새봄비뇨기과의원, 의원,0,0,0,제주특별자치도 제주시 동광로 131,33.5079413615319,126.540471800294,일도이동
홍건수안과의원, 의원,1,0,0,제주특별자치도 제주시 월랑로 3  ,33.4864706584836,126.478475118898,노형동
화북성모안과의원, 의원,1,0,0,제주특별자치도 제주시 일주동로 250 ,33.5197231790278,126.571981190343,화북일동
밝은안과의원, 의원,1,0,0,제주특별자치도 제주시 동광로 131 ,33.5079413615319,126.540471800294,일도이동
연세안과의원, 의원,1,0,0,제주특별자치도 서귀포시 일주동로 8675 ,33.2530177709473,126.561689408622,서귀동
서울안과의원, 의원,1,0,0,제주특별자치도 제주시 1100로 3333,33.4836219692901,126.480144305382,노형동
제주성모안과의원, 의원,1,0,0,제주특별자치도 서귀포시 동문로 5 ,33.2523432454262,126.562068685543,서귀동
제주국제공항의원, 의원,1,0,0,제주특별자치도 제주시 공항로 2 ,33.5059364682672,126.495951277797,용담이동
인제팔팔의원, 의원,1,0,0,제주특별자치도 제주시 동광로 120 ,33.5066486552758,126.539887780287,일도이동
수내과의원, 의원,1,0,0,제주특별자치도 서귀포시 일주동로 8675 ,33.2530177709473,126.561689408622,서귀동
박봉철내과의원, 의원,1,0,0,제주특별자치도 제주시 일주동로 197,33.518980148661,126.566579766919,화북일동
정내과의원, 의원,1,0,0,제주특별자치도 제주시 동문로 70,33.5132590581554,126.534032832603,일도이동
유내과의원, 의원,1,0,0,제주특별자치도 제주시 중앙로 61,33.5126642987908,126.52480539172,이도일동
삼성탑내과의원, 의원,1,0,0,제주특별자치도 서귀포시 중정로61번길 1  ,33.2480324151583,126.562798724267,서귀동
동일내과의원, 의원,1,0,0,제주특별자치도 제주시 동광로 131 ,33.5079413615319,126.540471800294,일도이동
탐라우리들의원, 의원,1,0,0,제주특별자치도 제주시 중앙로 552 ,33.4742347791693,126.54535367091,아라일동
서귀포제일속내과의원, 의원,1,0,0,제주특별자치도 서귀포시 중정로 109 ,33.2488319496571,126.568157487976,서귀동
제주소망의원, 의원,0,0,0,제주특별자치도 제주시 조천읍 신북로 519,33.5419832563655,126.665311121163,조천읍 함덕리
현용준내과의원, 의원,1,0,0,제주특별자치도 제주시 동광로 129,33.5078710428623,126.540376062933,일도이동
닥터양내과의원, 의원,1,0,0,제주특별자치도 제주시 관덕로 18 ,33.5128949650123,126.52127964585,삼도이동
표선하늘의원, 의원,1,0,0,제주특별자치도 서귀포시 표선면 표선동서로 246,33.3257178351256,126.832790446422,표선면 표선리
이민정산부인과의원, 의원,1,0,0,제주특별자치도 제주시 노형로 407 ,33.485821410903,126.478301044424,노형동
제이산부인과의원, 의원,1,0,0,제주특별자치도 제주시 연북로 38  ,33.4816497749802,126.485403352408,노형동
제주힘튼의원, 의원,1,0,0,제주특별자치도 제주시 서광로 215,33.5001243460011,126.519524370686,삼도일동
현창옥내과의원, 의원,1,0,0,제주특별자치도 제주시 중앙로 195 ,33.502000096441,126.528438943589,이도일동
박내과의원, 의원,1,0,0,제주특별자치도 제주시 월랑로 3 ,33.4864706584836,126.478475118898,노형동
현동효내과의원, 의원,1,0,0,제주특별자치도 제주시 월랑로8길 1,33.4888313001214,126.476679743326,노형동
성연내과의원, 의원,1,0,0,제주특별자치도 제주시 월랑로 39,33.4889462586235,126.475614662141,노형동
좋은이웃내과의원, 의원,1,0,0,제주특별자치도 제주시 도령로 7,33.4866698393292,126.48011049475,노형동
위앤장기만덕내과의원, 의원,1,0,0,제주특별자치도 제주시 노형로 407,33.485821410903,126.478301044424,노형동
서울내과의원, 의원,1,0,0,제주특별자치도 제주시 도령로 1 ,33.486812673941,126.479321267482,노형동
상쾌한속내과의원, 의원,1,0,0,제주특별자치도 제주시 연북로 38,33.4816497749802,126.485403352408,노형동
남도의원, 의원,1,0,0,제주특별자치도 제주시 우정로 65 ,33.4868948411759,126.431130796465,외도일동
나의원, 의원,1,0,0,제주특별자치도 제주시 관덕로 60 ,33.5129407733201,126.525711640813,일도일동
나우리제통의원, 의원,1,0,0,제주특별자치도 제주시 한림읍 한림북동길 7 ,33.4158904486301,126.263638518735,한림읍 한림리
김한신의원, 의원,1,0,0,제주특별자치도 제주시 동광로 82 ,33.5043536465131,126.537054437924,이도이동
김영석성형외과의원, 의원,0,0,0,제주특별자치도 제주시 도령로 1 5층 ,33.486812673941,126.479321267482,노형동
김수상내과의원, 의원,1,0,0,제주특별자치도 제주시 동광로 100 ,33.5055019582814,126.538443642564,일도이동
김상훈피부비뇨기과의원, 의원,1,0,0,제주특별자치도 서귀포시 중앙로42번길 9,33.2485477950997,126.562749694594,서귀동
김병훈정형외과의원, 의원,1,0,0,제주특별자치도 제주시 도령로 7 ,33.4866698393292,126.48011049475,노형동
그린서울내과의원, 의원,1,0,0,제주특별자치도 제주시 1100로 3333,33.4836219692901,126.480144305382,노형동
고신경정신과의원, 의원,1,0,0,제주특별자치도 제주시 서광로 203  ,33.5001755909329,126.518140263279,삼도일동
건강369의원, 의원,1,0,0,제주특별자치도 제주시 일주동로 227,33.5194197845023,126.569766497722,화북일동
강문보내과의원, 의원,1,0,0,제주특별자치도 서귀포시 대정읍 하모상가로 27,33.2216721913996,126.251706686481,대정읍 하모리
강남의원, 의원,1,0,0,제주특별자치도 제주시 서광로 302,33.5003324893306,126.528859722904,이도이동
에버그린의원, 의원,1,0,0,제주특별자치도 제주시 중앙로 371-1,33.4891018116477,126.539562671479,이도이동
중문신내과의원, 의원,1,0,0,제주특별자치도 서귀포시 중문로 1,33.2520022255776,126.422993539855,중문동
조미진의키크는아이소아청소년과의원, 의원,0,0,0,제주특별자치도 제주시 월광로 165,33.4931456962899,126.474658662517,노형동
제주맘모아외과의원, 의원,1,0,0,제주특별자치도 제주시 연북로 38,33.4816497749802,126.485403352408,노형동
로즈앤의원, 의원,0,0,0,제주특별자치도 제주시 1100로 3333,33.4836219692901,126.480144305382,노형동
고영호재활의학과의원, 의원,1,0,0,제주특별자치도 제주시 서광로 175 ,33.5003180347391,126.515202972713,용담일동
이룸내과의원, 의원,1,0,0,제주특별자치도 제주시 연오로 59,33.4879308657759,126.502057860304,오라삼동
우리동홍의원, 의원,1,0,0,제주특별자치도 서귀포시 태평로 505,33.2503361869915,126.571403032281,동홍동
연세삼성의원, 의원,1,0,0,제주특별자치도 제주시 흥운길 8 ,33.5097962325094,126.511152745786,용담이동
양준호정형외과의원, 의원,1,0,0,제주특별자치도 제주시 월랑로 39,33.4889462586235,126.475614662141,노형동
서귀포재활의학과의원, 의원,1,0,0,제주특별자치도 서귀포시 중앙로 93,33.2528292134515,126.56037911371,서귀동
봉개영웅의원, 의원,1,0,0,제주특별자치도 제주시 번영로 500,33.490149872474,126.594819609272,봉개동
봄정신건강의학과의원, 의원,1,0,0,제주특별자치도 제주시 서광로 297 ,33.500735275902,126.528208185944,이도일동
반딧불의원, 의원,1,0,0,제주특별자치도 제주시 건주로6길 62,33.5148861830871,126.580347812699,도련일동
미래가정의학과의원, 의원,1,0,0,제주특별자치도 서귀포시 대청로25번길 4 ,33.252832994618,126.502693911398,강정동
문이비인후과의원, 의원,1,0,0,제주특별자치도 제주시 서광로 268 ,33.4997533682016,126.525191367395,도남동
더미인의원, 의원,1,0,0,제주특별자치도 제주시 도령로 25  ,33.4876167792041,126.481358047521,노형동
오늘봄성형외과의원, 의원,0,0,0,제주특별자치도 제주시 절물1길 39,33.4893883655753,126.431700812432,외도일동
늘푸른내과의원, 의원,1,0,1,제주특별자치도 제주시 과원북4길 35 ,33.4812622296803,126.486371601557,노형동
늘푸른가정의학과의원, 의원,1,0,0,제주특별자치도 제주시 중앙로 175,33.503565682999,126.527366850279,이도일동
날씬의원, 의원,1,0,0,제주특별자치도 제주시 도령로 5 ,33.486787562871,126.479932791957,노형동
공감성형외과의원, 의원,1,0,0,제주특별자치도 제주시 중앙로 310,33.4931742980652,126.534779198681,이도이동
강형윤가정의학과의원, 의원,1,0,1,제주특별자치도 제주시 우정로 59,33.4874499561553,126.431151914859,외도일동
현광철정형외과의원, 의원,1,0,0,제주특별자치도 제주시 노형8길 3,33.4844444517438,126.477797252714,노형동
파티마마취통증의학과의원, 의원,1,0,0,제주특별자치도 서귀포시 천제연로 177 ,33.2520642769465,126.423717255919,중문동
한나산부인과의원, 의원,1,0,0,제주특별자치도 제주시 도령로 7 ,33.4866698393292,126.48011049475,노형동
동산내과의원, 의원,1,0,0,제주특별자치도 제주시 중앙로 337,33.4914901645134,126.537246969878,이도이동
현혜선산부인과의원, 의원,1,0,0,제주특별자치도 서귀포시 서호중앙로 55,33.2525493248565,126.518614403836,서호동
서정소아청소년과의원, 의원,1,0,0,제주특별자치도 제주시 수덕로 69,33.4844241345135,126.470607092953,노형동
성모정신건강의학과의원, 의원,0,0,0,제주특별자치도 제주시 노형로 388,33.4842149299307,126.477033090069,노형동
카멜리아의원, 의원,0,0,0,제주특별자치도 서귀포시 대정읍 영어도시로 60,33.2775135333714,126.279411437528,대정읍 구억리
의료법인 열린의료재단 서연의원, 의원,1,0,0,제주특별자치도 서귀포시 중정로 123,33.2488167938825,126.569481401603,서귀동
주 소아청소년과의원, 의원,1,0,0,제주특별자치도 제주시 노형8길 8,33.4840011684389,126.477847039423,노형동
김수로의원, 의원,1,0,0,제주특별자치도 제주시 한림읍 한림로 672,33.4146613604003,126.264968870791,한림읍 한림리
연세선린내과의원, 의원,1,0,0,제주특별자치도 서귀포시 동문로 64,33.2490218148027,126.566881751223,서귀동
한림윤패밀리의원, 의원,1,0,0,제주특별자치도 제주시 한림읍 한림상로 98,33.4088741823215,126.264258019974,한림읍 동명리
가톨릭정신건강의학과의원, 의원,0,0,0,제주특별자치도 제주시 도령로 1,33.486812673941,126.479321267482,노형동
(재) 사랑의 장기기증 운동본부 사랑의 의원, 의원,1,0,1,제주특별자치도 서귀포시 하신상로 169 ,33.272802660917,126.609372948256,신효동
김용석통증의학과의원, 의원,1,0,0,제주특별자치도 제주시 노연로 101 ,33.4860388699359,126.491048971422,연동
임소아과의원, 의원,1,0,0,제주특별자치도 제주시 월랑로10길 32-1 ,33.4908106903347,126.478806454196,노형동
마리산부인과의원, 의원,1,0,0,제주특별자치도 제주시 고마로 146 ,33.5016428445944,126.542959941323,이도이동
누가제통마취통증의학과의원, 의원,0,0,0,제주특별자치도 제주시 청풍남8길 73,33.5131937424714,126.572524809776,화북이동
김판규외과의원, 의원,1,0,0,제주특별자치도 제주시 무근성7길 2 ,33.5131928545272,126.519999237108,삼도이동
엘산부인과의원, 의원,1,0,0,제주특별자치도 제주시 중앙로 352,33.4901540052416,126.537513507677,이도이동
연세마취통증의학과의원, 의원,1,0,0,제주특별자치도 제주시 관덕로 58,33.5129708245043,126.525530656573,이도일동
하귀하나로의원, 의원,1,0,0,제주특별자치도 제주시 애월읍 일주서로 7136,33.4850611892862,126.412159214346,애월읍 하귀1리
아나파마취통증의학과의원, 의원,1,0,0,제주특별자치도 제주시 노형로 407,33.485821410903,126.478301044424,노형동
자연주의의원, 의원,0,0,0,제주특별자치도 제주시 노형로 397,33.4851597526654,126.477492550988,노형동
푸르내가정의학과의원, 의원,1,0,0,제주특별자치도 제주시 우정로 70,33.4866169440338,126.430634004825,외도일동
애월의원, 의원,1,0,0,제주특별자치도 제주시 애월읍 애월로11길 6-2,33.464855408146,126.320611838422,애월읍 애월리
소리이비인후과의원, 의원,1,0,0,제주특별자치도 제주시 연북로 76,33.4815487337564,126.489399163279,연동
대한내과의원, 의원,1,0,0,제주특별자치도 제주시 노형11길 25,33.4827946685932,126.477721185489,노형동
조은미의원, 의원,1,0,0,제주특별자치도 제주시 서광로 270 ,33.4997827453621,126.52530517107,도남동
연세피부과의원, 의원,1,0,0,제주특별자치도 제주시 연북로 38  ,33.4816497749802,126.485403352408,노형동
고은의원, 의원,1,0,0,제주특별자치도 서귀포시 대정읍 상모로 323-1,33.222158011205,126.254866412832,대정읍 하모리
신제주학문외과의원, 의원,1,0,0,제주특별자치도 제주시 노형8길 2,33.4843262448719,126.477346169156,노형동
좌방은성형외과의원, 의원,1,0,0,제주특별자치도 제주시 동광로 122,33.5068794566345,126.540226111547,일도이동
현정신건강의학과의원, 의원,1,0,0,제주특별자치도 제주시 월랑로 1,33.4863844954209,126.478567739143,노형동
박정신건강의학과의원, 의원,1,0,0,제주특별자치도 서귀포시 중정로 53 ,33.2478117475177,126.5620189635,서귀동
시울 정신건강의학과의원, 의원,1,0,0,제주특별자치도 서귀포시 일주동로 8675 ,33.2530177709473,126.561689408622,서귀동
하루항외과의원, 의원,1,0,0,제주특별자치도 제주시 서광로 175,33.5003180347391,126.515202972713,용담일동
이미애피부과의원, 의원,1,0,0,제주특별자치도 제주시 서광로 267 ,33.5002353157767,126.524944772172,삼도일동
다정금이비인후과의원, 의원,1,0,0,제주특별자치도 서귀포시 일주동로 8673 ,33.2530375468745,126.561825917453,서귀동
연세포르테비뇨기과의원, 의원,1,0,0,제주특별자치도 제주시 서광로 175 ,33.5003180347391,126.515202972713,용담일동
우리안과의원, 의원,1,0,0,제주특별자치도 제주시 동광로 107 ,33.5063922715212,126.538755973917,일도이동
바로내과의원, 의원,1,0,0,제주특별자치도 서귀포시 월드컵로 8,33.2489939885441,126.507323170982,강정동
이승희산부인과의원, 의원,1,0,0,제주특별자치도 제주시 서광로 208-1 ,33.4996278685249,126.518718820628,삼도일동
제주내과의원, 의원,1,0,0,제주특별자치도 제주시 서광로 78-9 ,33.4995216583781,126.50525814062,오라삼동
김동호이비인후과의원, 의원,1,0,0,제주특별자치도 제주시 서광로 267 ,33.5002353157767,126.524944772172,삼도일동
강주현피부과의원, 의원,1,0,0,제주특별자치도 제주시 건주로 27,33.5170882126091,126.5811410102,도련일동
